원본ID,폴더,캐릭터,설명,새파일경로,원래파일명,원본URL
249,우사기,우사기,깡총깡총 뛰기,우사기/우사기_깡총깡총_뛰기_0249.gif,249-8c7e20ea2b244367a413df9c26fb92e7 (1).gif,https://r2.chiikawawallpaper.com/wallpaper/gif/8c7e20ea2b244367a413df9c26fb92e7%20(1).gif
219,우사기,우사기,어둠 속에서 눈으로 강렬한 빛을 비추는,우사기/우사기_어둠_속에서_눈으로_강렬한_빛을_비추는_0219.gif,219-aeca435fa18848edbc511ec8f91c8f8f.gif,https://r2.chiikawawallpaper.com/wallpaper/gif/aeca435fa18848edbc511ec8f91c8f8f.gif
243,하치와레,하치와레,엎드려 꼬리 흔들기,하치와레/하치와레_엎드려_꼬리_흔들기_0243.gif,243-8dddd5f4033a4ff8938fa3c5cfa6e592 (1).gif,https://r2.chiikawawallpaper.com/wallpaper/gif/8dddd5f4033a4ff8938fa3c5cfa6e592%20(1).gif
259,모몽가,모몽가,눈물을 글썽이며 무서워서 땀을 흘리고 떠는,모몽가/모몽가_눈물을_글썽이며_무서워서_땀을_흘리고_떠는_0259.gif,259-d401a67b428b444ca12b03d95c2de4f9.gif,https://r2.chiikawawallpaper.com/wallpaper/gif/d401a67b428b444ca12b03d95c2de4f9.gif
241,함께_등장,치이카와+하치와레+우사기,비장한 표정으로 엄지척을 하는,함께_등장/치이카와-하치와레-우사기_비장한_표정으로_엄지척을_하는_0241.gif,241-d28c50235ac14c988a93281e04885378.gif,https://r2.chiikawawallpaper.com/wallpaper/gif/d28c50235ac14c988a93281e04885378.gif
181,우사기,우사기,바닥에 힘없이 엎드려 뻗어있는,우사기/우사기_바닥에_힘없이_엎드려_뻗어있는_0181.gif,181-030ac08bc7af48fbb0093929458b7198.gif,https://r2.chiikawawallpaper.com/wallpaper/gif/030ac08bc7af48fbb0093929458b7198.gif
212,모몽가,모몽가,볼을 붉히며 푹신한 꼬리를 흔드는,모몽가/모몽가_볼을_붉히며_푹신한_꼬리를_흔드는_0212.gif,212-0b8404aaca03403a9c534d4f27931d1d.gif,https://r2.chiikawawallpaper.com/wallpaper/gif/0b8404aaca03403a9c534d4f27931d1d.gif
269,우사기,우사기,숟가락을 들고 신나게 음식을 먹는,우사기/우사기_숟가락을_들고_신나게_음식을_먹는_0269.gif,269-0371abc502cc47088308bb56a3e24ec9.gif,https://r2.chiikawawallpaper.com/wallpaper/gif/0371abc502cc47088308bb56a3e24ec9.gif
254,함께_등장,치이카와+하치와레+우사기,벽 뒤에서 셋이 빼꼼,함께_등장/치이카와-하치와레-우사기_벽_뒤에서_셋이_빼꼼_0254.gif,254-0e9ec4ade9d24c55ad6f74eb392d9a2d.gif,https://r2.chiikawawallpaper.com/wallpaper/gif/0e9ec4ade9d24c55ad6f74eb392d9a2d.gif
261,하치와레,하치와레,혀를 쏙 내밀고 수줍게 웃는,하치와레/하치와레_혀를_쏙_내밀고_수줍게_웃는_0261.gif,261-17e51f83bd6649f2bcea2d61ba8955fd.gif,https://r2.chiikawawallpaper.com/wallpaper/gif/17e51f83bd6649f2bcea2d61ba8955fd.gif
228,우사기,우사기,뒤돌아 서서 몽실몽실한 꼬리와 엉덩이를 흔드는,우사기/우사기_뒤돌아_서서_몽실몽실한_꼬리와_엉덩이를_흔드는_0228.gif,228-df7097c0ea064161a432815422d0fe37.gif,https://r2.chiikawawallpaper.com/wallpaper/gif/df7097c0ea064161a432815422d0fe37.gif
211,치이카와,치이카와,불붙은 마시멜로 들고 달리기,치이카와/치이카와_불붙은_마시멜로_들고_달리기_0211.gif,211-66c08780a2164891808e9274ce6aae42 (1).gif,https://r2.chiikawawallpaper.com/wallpaper/gif/66c08780a2164891808e9274ce6aae42%20(1).gif
248,치이카와,치이카와,눈을 반짝이며 볼을 붉히는,치이카와/치이카와_눈을_반짝이며_볼을_붉히는_0248.gif,248-8bb05bfee9234549894b7ee12383a790.gif,https://r2.chiikawawallpaper.com/wallpaper/gif/8bb05bfee9234549894b7ee12383a790.gif
197,우사기,우사기,신나게 엉덩이와 꼬리를 흔드는,우사기/우사기_신나게_엉덩이와_꼬리를_흔드는_0197.gif,197-d25bfb1482b74f22b9c86ce1847b07b9.gif,https://r2.chiikawawallpaper.com/wallpaper/gif/d25bfb1482b74f22b9c86ce1847b07b9.gif
220,모몽가,모몽가,핑크 하트 리본을 달고 깜찍하게 미소 짓는,모몽가/모몽가_핑크_하트_리본을_달고_깜찍하게_미소_짓는_0220.gif,220-50955e3f946a4f7e821a6c7d20da8f9a.gif,https://r2.chiikawawallpaper.com/wallpaper/gif/50955e3f946a4f7e821a6c7d20da8f9a.gif
244,함께_등장,치이카와+하치와레,활짝 웃으며 점프하는,함께_등장/치이카와-하치와레_활짝_웃으며_점프하는_0244.gif,244-e94fbd12d9e7448faed0bcea891389c2.gif,https://r2.chiikawawallpaper.com/wallpaper/gif/e94fbd12d9e7448faed0bcea891389c2.gif
255,하치와레,하치와레,야외 풀숲에서 미소를 지으며 즐겁게 기타를 연주하는,하치와레/하치와레_야외_풀숲에서_미소를_지으며_즐겁게_기타를_연주하는_0255.gif,255-5b26522de08d437d94cdd30c0ae24077.gif,https://r2.chiikawawallpaper.com/wallpaper/gif/5b26522de08d437d94cdd30c0ae24077.gif
266,치이카와,치이카와,볼을 붉히며 뒤돌아보는 엉덩이와 꼬리,치이카와/치이카와_볼을_붉히며_뒤돌아보는_엉덩이와_꼬리_0266.gif,266-f91600f4bf3e4ec58054e3498336a9da.gif,https://r2.chiikawawallpaper.com/wallpaper/gif/f91600f4bf3e4ec58054e3498336a9da.gif
722,함께_등장,우사기+하치와레,곁에서 앙증맞게 발을 구르며 힘차게 달리는,함께_등장/우사기-하치와레_곁에서_앙증맞게_발을_구르며_힘차게_달리는_0722.gif,722-20250902145720_dd2f8a020cc28250af101f1818a162e3.gif,https://r2.chiikawawallpaper.com/wallpaper/gif/20250902145720_dd2f8a020cc28250af101f1818a162e3.gif
230,우사기,우사기,돌아서 꼬리 흔들기,우사기/우사기_돌아서_꼬리_흔들기_0230.gif,230-eb9616d2535d4515aa36530dbb225ac6 (1).gif,https://r2.chiikawawallpaper.com/wallpaper/gif/eb9616d2535d4515aa36530dbb225ac6%20(1).gif
680,치이카와,치이카와,나이프와 포크를 들고 행복하게 식사하는,치이카와/치이카와_나이프와_포크를_들고_행복하게_식사하는_0680.gif,680-20250902145500_2d1a4ca2b25becedfcb88cb69d677c18.gif,https://r2.chiikawawallpaper.com/wallpaper/gif/20250902145500_2d1a4ca2b25becedfcb88cb69d677c18.gif
719,우사기,우사기,노란 막대를 들고 신나게 웃는,우사기/우사기_노란_막대를_들고_신나게_웃는_0719.gif,719-20250902145710_bc4fb2d9b01ea1a4c56300e7e8088cac.gif,https://r2.chiikawawallpaper.com/wallpaper/gif/20250902145710_bc4fb2d9b01ea1a4c56300e7e8088cac.gif
260,하치와레,하치와레,초롱초롱한 눈으로 볼을 붉히며 기쁘게 손을 흔드는,하치와레/하치와레_초롱초롱한_눈으로_볼을_붉히며_기쁘게_손을_흔드는_0260.gif,260-65ca44b62c2c4bda9a77b093b91b0a49.gif,https://r2.chiikawawallpaper.com/wallpaper/gif/65ca44b62c2c4bda9a77b093b91b0a49.gif
264,치이카와,치이카와,노란 응원 수술을 흔들며 신나게 춤추는,치이카와/치이카와_노란_응원_수술을_흔들며_신나게_춤추는_0264.gif,264-14cb75949ad641c5a80f7c8233855f45.gif,https://r2.chiikawawallpaper.com/wallpaper/gif/14cb75949ad641c5a80f7c8233855f45.gif
716,함께_등장,치이카와+하치와레,벚꽃 잎이 흩날리는 푸른 하늘과 들판 풍경,함께_등장/치이카와-하치와레_벚꽃_잎이_흩날리는_푸른_하늘과_들판_풍경_0716.gif,716-20250902145658_3cb55283653fbbca0427ae552a7a6898.gif,https://r2.chiikawawallpaper.com/wallpaper/gif/20250902145658_3cb55283653fbbca0427ae552a7a6898.gif
258,함께_등장,치이카와+하치와레+우사기,택배 상자를 들고 신나게 달리는,함께_등장/치이카와-하치와레-우사기_택배_상자를_들고_신나게_달리는_0258.gif,258-87f72c0570444ff487e89e9dfdea7b72.gif,https://r2.chiikawawallpaper.com/wallpaper/gif/87f72c0570444ff487e89e9dfdea7b72.gif
217,우사기,우사기,팔짱을 끼고 위를 올려다보며 부끄러워하는,우사기/우사기_팔짱을_끼고_위를_올려다보며_부끄러워하는_0217.gif,217-2467b95ff2d74e2fa96ad8db9904ad6c.gif,https://r2.chiikawawallpaper.com/wallpaper/gif/2467b95ff2d74e2fa96ad8db9904ad6c.gif
245,우사기,우사기,노란 잠옷을 입고 응원봉을 신나게 흔드는,우사기/우사기_노란_잠옷을_입고_응원봉을_신나게_흔드는_0245.gif,245-f064bb269ae34b08a276d4baf4c35f6d.gif,https://r2.chiikawawallpaper.com/wallpaper/gif/f064bb269ae34b08a276d4baf4c35f6d.gif
192,하치와레,하치와레,눈을 반짝이며 신나게 몸을 흔드는,하치와레/하치와레_눈을_반짝이며_신나게_몸을_흔드는_0192.gif,192-d706d236b4bd4be4b3b1f52d3505afc0.gif,https://r2.chiikawawallpaper.com/wallpaper/gif/d706d236b4bd4be4b3b1f52d3505afc0.gif
238,치이카와,치이카와,나무 뒤에서 빼꼼,치이카와/치이카와_나무_뒤에서_빼꼼_0238.gif,238-e745c6c1dbfe439c878f777bc2152f61.gif,https://r2.chiikawawallpaper.com/wallpaper/gif/e745c6c1dbfe439c878f777bc2152f61.gif
203,하치와레,하치와레,하트 요술봉을 들고 볼을 붉히며 미소 짓는,하치와레/하치와레_하트_요술봉을_들고_볼을_붉히며_미소_짓는_0203.gif,203-c53f69f886854df28b85a0da5eb9f954.gif,https://r2.chiikawawallpaper.com/wallpaper/gif/c53f69f886854df28b85a0da5eb9f954.gif
214,하치와레,하치와레,신나서 꼬리를 흔들며 날아가는,하치와레/하치와레_신나서_꼬리를_흔들며_날아가는_0214.gif,214-8dddd5f4033a4ff8938fa3c5cfa6e592.gif,https://r2.chiikawawallpaper.com/wallpaper/gif/8dddd5f4033a4ff8938fa3c5cfa6e592.gif
246,우사기,우사기,팔짱을 끼고 자신만만하게 미소 짓는,우사기/우사기_팔짱을_끼고_자신만만하게_미소_짓는_0246.gif,246-a06375c37c0643ecb4acbe62eee62416.gif,https://r2.chiikawawallpaper.com/wallpaper/gif/a06375c37c0643ecb4acbe62eee62416.gif
235,우사기,우사기,양손으로 브이를 하며 볼을 붉히는,우사기/우사기_양손으로_브이를_하며_볼을_붉히는_0235.gif,235-d1dba73b0f2f4bb7b4ecebabf9ef0e47.gif,https://r2.chiikawawallpaper.com/wallpaper/gif/d1dba73b0f2f4bb7b4ecebabf9ef0e47.gif
202,함께_등장,치이카와+하치와레,신나게 몸을 흔들며 춤추는,함께_등장/치이카와-하치와레_신나게_몸을_흔들며_춤추는_0202.gif,202-25ea427f7999497eadc8cc84f9678d93.gif,https://r2.chiikawawallpaper.com/wallpaper/gif/25ea427f7999497eadc8cc84f9678d93.gif
265,함께_등장,우사기+하치와레,신나게 뒤돌아서 엉덩이와 꼬리를 흔드는,함께_등장/우사기-하치와레_신나게_뒤돌아서_엉덩이와_꼬리를_흔드는_0265.gif,265-1071398da80e4d2e8bbaa10539446883.gif,https://r2.chiikawawallpaper.com/wallpaper/gif/1071398da80e4d2e8bbaa10539446883.gif
628,우사기,우사기,맛있게 간식을 먹으며 꼬리를 흔드는,우사기/우사기_맛있게_간식을_먹으며_꼬리를_흔드는_0628.gif,628-20250902145215_0109d05848ce9b1ada8a30a01424fb20.gif,https://r2.chiikawawallpaper.com/wallpaper/gif/20250902145215_0109d05848ce9b1ada8a30a01424fb20.gif
199,하치와레,하치와레,비 오는 날 몸을 움츠리고 서 있는,하치와레/하치와레_비_오는_날_몸을_움츠리고_서_있는_0199.gif,199-1bd364eb6d8b443382e287e569447958.gif,https://r2.chiikawawallpaper.com/wallpaper/gif/1bd364eb6d8b443382e287e569447958.gif
2186,우사기,우사기,안경과 금목걸이를 차고 유쾌하게 웃는,우사기/우사기_안경과_금목걸이를_차고_유쾌하게_웃는_2186.gif,2186-2223db05c61ee10b8fb6e3783e8864a3.gif,https://r2.chiikawawallpaper.com/wallpaper/20260924/2223db05c61ee10b8fb6e3783e8864a3.gif
708,치이카와,치이카와,오리 알람시계 옆에서 폭신한 이불을 덮고 자는,치이카와/치이카와_오리_알람시계_옆에서_폭신한_이불을_덮고_자는_0708.gif,708-20250902145632_bfb1668b4d99bf362024f21f03cbe58b.gif,https://r2.chiikawawallpaper.com/wallpaper/gif/20250902145632_bfb1668b4d99bf362024f21f03cbe58b.gif
2085,우사기,우사기,시원한 탄산 콜라를 맛있게 마시는 토끼,우사기/우사기_시원한_탄산_콜라를_맛있게_마시는_토끼_2085.gif,2085-fc73de201534f2a7c6902d40a4046374.gif,https://r2.chiikawawallpaper.com/wallpaper/20260923/fc73de201534f2a7c6902d40a4046374.gif
239,하치와레,하치와레,식빵을 굽듯 웅크리고 볼을 붉히며 미소 짓는,하치와레/하치와레_식빵을_굽듯_웅크리고_볼을_붉히며_미소_짓는_0239.gif,239-4a19ac355637469194bc9fb7a20b59ab.gif,https://r2.chiikawawallpaper.com/wallpaper/gif/4a19ac355637469194bc9fb7a20b59ab.gif
191,치이카와,치이카와,곰인형을 안고 이불 속에서 행복하게 자는,치이카와/치이카와_곰인형을_안고_이불_속에서_행복하게_자는_0191.gif,191-80f6e4c948cd4d27b65cf79f536d8dd7.gif,https://r2.chiikawawallpaper.com/wallpaper/gif/80f6e4c948cd4d27b65cf79f536d8dd7.gif
189,모몽가,모몽가,풀밭 위를 반짝이는 눈으로 신나게 미끄러지는,모몽가/모몽가_풀밭_위를_반짝이는_눈으로_신나게_미끄러지는_0189.gif,189-3a8a28754ab545eda7b7f77d1850b1df.gif,https://r2.chiikawawallpaper.com/wallpaper/gif/3a8a28754ab545eda7b7f77d1850b1df.gif
711,치이카와,치이카와,폭신한 이불 속에서 행복하게 잠든,치이카와/치이카와_폭신한_이불_속에서_행복하게_잠든_0711.gif,711-20250902145642_4e79e0cd77677e20bb3a64e4e0fa3c3f.gif,https://r2.chiikawawallpaper.com/wallpaper/gif/20250902145642_4e79e0cd77677e20bb3a64e4e0fa3c3f.gif
2118,랏코,랏코,딸기 파르페를 기대하며 행복해하는,랏코/랏코_딸기_파르페를_기대하며_행복해하는_2118.gif,2118-db42e204d403ebeea81c926338ca04c9.gif,https://r2.chiikawawallpaper.com/wallpaper/20260923/db42e204d403ebeea81c926338ca04c9.gif
256,치이카와,치이카와,택배 상자 들고 달리기,치이카와/치이카와_택배_상자_들고_달리기_0256.gif,256-aa9bbba85ae34ec1a3836c41cea8351a (1).gif,https://r2.chiikawawallpaper.com/wallpaper/gif/aa9bbba85ae34ec1a3836c41cea8351a%20(1).gif
215,우사기,우사기,풀밭에 토끼처럼 웅크려 꼬리를 흔드는,우사기/우사기_풀밭에_토끼처럼_웅크려_꼬리를_흔드는_0215.gif,215-ac2e063b9b874bc383025af508b1c700.gif,https://r2.chiikawawallpaper.com/wallpaper/gif/ac2e063b9b874bc383025af508b1c700.gif
2088,쿠리만쥬,쿠리만쥬,시원한 레몬 음료 잔을 들고 있는,쿠리만쥬/쿠리만쥬_시원한_레몬_음료_잔을_들고_있는_2088.gif,2088-c3b50b089cec9e7cf992eecec7e3769b.gif,https://r2.chiikawawallpaper.com/wallpaper/20260923/c3b50b089cec9e7cf992eecec7e3769b.gif
268,치이카와,치이카와,핑크색 롤리팝 사탕을 들고 신나게 달리는,치이카와/치이카와_핑크색_롤리팝_사탕을_들고_신나게_달리는_0268.gif,268-ea7e6ff9136a4712b1712e0415a00cbb.gif,https://r2.chiikawawallpaper.com/wallpaper/gif/ea7e6ff9136a4712b1712e0415a00cbb.gif
712,치이카와,치이카와,땀을 흘리며 당황한 표정으로 열심히 달리는,치이카와/치이카와_땀을_흘리며_당황한_표정으로_열심히_달리는_0712.gif,712-20250902145646_01269b52dbd740bf18cd43f47cfb02ae.gif,https://r2.chiikawawallpaper.com/wallpaper/gif/20250902145646_01269b52dbd740bf18cd43f47cfb02ae.gif
234,치이카와,치이카와,네잎클로버를 들고 수줍게 미소 짓는,치이카와/치이카와_네잎클로버를_들고_수줍게_미소_짓는_0234.gif,234-0808bb66ab9a45d39a04437b48b17a22.gif,https://r2.chiikawawallpaper.com/wallpaper/gif/0808bb66ab9a45d39a04437b48b17a22.gif
721,치이카와,치이카와,식은땀을 흘리며 도라야키를 먹는,치이카와/치이카와_식은땀을_흘리며_도라야키를_먹는_0721.gif,721-20250902145716_e3b99ca3ba1106ab2a6d843b57b8c5ee.gif,https://r2.chiikawawallpaper.com/wallpaper/gif/20250902145716_e3b99ca3ba1106ab2a6d843b57b8c5ee.gif
2090,모몽가,모몽가,가 눈물을 글썽이며 뒤돌아보는 슬픈 표정,모몽가/모몽가_가_눈물을_글썽이며_뒤돌아보는_슬픈_표정_2090.gif,2090-d757257b0bd4e25fe08fef14cdaf5374.gif,https://r2.chiikawawallpaper.com/wallpaper/20260923/d757257b0bd4e25fe08fef14cdaf5374.gif
226,치이카와,치이카와,파티 고깔모자를 쓰고 축하하는,치이카와/치이카와_파티_고깔모자를_쓰고_축하하는_0226.gif,226-bc83011f354d4c328738a55ae0cf8b31.gif,https://r2.chiikawawallpaper.com/wallpaper/gif/bc83011f354d4c328738a55ae0cf8b31.gif
233,우사기,우사기,나무 옆에서 볼을 붉히며 바라보는,우사기/우사기_나무_옆에서_볼을_붉히며_바라보는_0233.gif,233-31da18f5416c427b8ab4d39ced852cba.gif,https://r2.chiikawawallpaper.com/wallpaper/gif/31da18f5416c427b8ab4d39ced852cba.gif
267,함께_등장,치이카와+하치와레,나란히 서서 수줍게 미소 짓는,함께_등장/치이카와-하치와레_나란히_서서_수줍게_미소_짓는_0267.gif,267-62bffed95cd041dc807eda063215c737.gif,https://r2.chiikawawallpaper.com/wallpaper/gif/62bffed95cd041dc807eda063215c737.gif
2101,우사기,우사기,토끼가 들판에 서서 미소 짓고 있는,우사기/우사기_토끼가_들판에_서서_미소_짓고_있는_2101.gif,2101-bc9dc013aa09e3c8856f18063d244273.gif,https://r2.chiikawawallpaper.com/wallpaper/20260923/bc9dc013aa09e3c8856f18063d244273.gif
193,치이카와,치이카와,불붙어 탄 마시멜로를 들고 눈물 흘리며 달리는,치이카와/치이카와_불붙어_탄_마시멜로를_들고_눈물_흘리며_달리는_0193.gif,193-66c08780a2164891808e9274ce6aae42.gif,https://r2.chiikawawallpaper.com/wallpaper/gif/66c08780a2164891808e9274ce6aae42.gif
227,우사기,우사기,신나게 몸을 흔들며 웃고 있는,우사기/우사기_신나게_몸을_흔들며_웃고_있는_0227.gif,227-4f47518c8d9f447682e067cfd59b626b.gif,https://r2.chiikawawallpaper.com/wallpaper/gif/4f47518c8d9f447682e067cfd59b626b.gif
645,하치와레,하치와레,익살스럽고 얼빡 표정,하치와레/하치와레_익살스럽고_얼빡_표정_0645.gif,645-20250902145310_402e4afaf1be9218fad91334bacecf31.gif,https://r2.chiikawawallpaper.com/wallpaper/gif/20250902145310_402e4afaf1be9218fad91334bacecf31.gif
195,우사기,우사기,하얀 모자를 쓰고 작은 주머니를 든 채 신나게 몸을 흔드는,우사기/우사기_하얀_모자를_쓰고_작은_주머니를_든_채_신나게_몸을_흔드는_0195.gif,195-678c5d8408a542988757e75afe04880a.gif,https://r2.chiikawawallpaper.com/wallpaper/gif/678c5d8408a542988757e75afe04880a.gif
252,치이카와,치이카와,갈색 인형옷을 입고 방긋 미소 짓는,치이카와/치이카와_갈색_인형옷을_입고_방긋_미소_짓는_0252.gif,252-c0b9dea7663e4ef4acb110aee19267f5.gif,https://r2.chiikawawallpaper.com/wallpaper/gif/c0b9dea7663e4ef4acb110aee19267f5.gif
184,치이카와,치이카와,초록색 모자를 쓰고 손을 흔드는,치이카와/치이카와_초록색_모자를_쓰고_손을_흔드는_0184.gif,184-540847cfa4e84b688146845821db3a65.gif,https://r2.chiikawawallpaper.com/wallpaper/gif/540847cfa4e84b688146845821db3a65.gif
606,우사기,우사기,활짝 웃으며 혀를 내미는 클로즈업,우사기/우사기_활짝_웃으며_혀를_내미는_클로즈업_0606.gif,606-20250902145110_a7fa4fb656eb95c5c973c8a0a929c107.gif,https://r2.chiikawawallpaper.com/wallpaper/gif/20250902145110_a7fa4fb656eb95c5c973c8a0a929c107.gif
231,치이카와,치이카와,수줍게 볼을 붉히며 눈을 감고 걷는,치이카와/치이카와_수줍게_볼을_붉히며_눈을_감고_걷는_0231.gif,231-4ae04224105e4c95b4e1aa5f6a566b00.gif,https://r2.chiikawawallpaper.com/wallpaper/gif/4ae04224105e4c95b4e1aa5f6a566b00.gif
2187,함께_등장,세이렌+치이카와+하치와레+우사기,친구들 앞에서 노래하고 눈빛 바꾸기,함께_등장/세이렌-치이카와-하치와레-우사기_친구들_앞에서_노래하고_눈빛_바꾸기_2187.gif,2187-a1503d8d8580e50b1df777a2e8a0e2e5.gif,https://r2.chiikawawallpaper.com/wallpaper/20260924/a1503d8d8580e50b1df777a2e8a0e2e5.gif
218,하치와레,하치와레,맛있는 슈크림 디저트를 먹으며 볼을 빵빵하게 채운,하치와레/하치와레_맛있는_슈크림_디저트를_먹으며_볼을_빵빵하게_채운_0218.gif,218-65e1f2f8e2d844708f8cff65566e267c.gif,https://r2.chiikawawallpaper.com/wallpaper/gif/65e1f2f8e2d844708f8cff65566e267c.gif
610,우사기,우사기,엎드려 둥근 등과 꼬리를 보여주는,우사기/우사기_엎드려_둥근_등과_꼬리를_보여주는_0610.gif,610-20250902145121_771e99bbe5f7419ec03838939ef51f11.gif,https://r2.chiikawawallpaper.com/wallpaper/gif/20250902145121_771e99bbe5f7419ec03838939ef51f11.gif
221,함께_등장,치이카와+하치와레,신나게 웃으며 달리는,함께_등장/치이카와-하치와레_신나게_웃으며_달리는_0221.gif,221-d26bee75ba5f4dd1a827a3ae8a4480f1.gif,https://r2.chiikawawallpaper.com/wallpaper/gif/d26bee75ba5f4dd1a827a3ae8a4480f1.gif
223,함께_등장,치이카와+하치와레+우사기,거대한 팬케이크 위에서 낮잠 자는,함께_등장/치이카와-하치와레-우사기_거대한_팬케이크_위에서_낮잠_자는_0223.gif,223-4f56977842dc4ffbb17a7cb57cf4ebf5.gif,https://r2.chiikawawallpaper.com/wallpaper/gif/4f56977842dc4ffbb17a7cb57cf4ebf5.gif
186,치이카와,치이카와,핑크색 곰돌이 가방을 들고 걷는,치이카와/치이카와_핑크색_곰돌이_가방을_들고_걷는_0186.gif,186-ecddec36d0c748bbb8462c1af4c728b9.gif,https://r2.chiikawawallpaper.com/wallpaper/gif/ecddec36d0c748bbb8462c1af4c728b9.gif
618,모몽가,모몽가,줄무늬 죄수복을 입고 밥그릇을 든,모몽가/모몽가_줄무늬_죄수복을_입고_밥그릇을_든_0618.gif,618-20250902145144_38c0351f15788d62d374d150e6b4478f.gif,https://r2.chiikawawallpaper.com/wallpaper/gif/20250902145144_38c0351f15788d62d374d150e6b4478f.gif
209,치이카와,치이카와,수줍게 미소 지으며 손을 흔들어 인사하는,치이카와/치이카와_수줍게_미소_지으며_손을_흔들어_인사하는_0209.gif,209-24e49d4344c84b508d9c969b87c7c1f3.gif,https://r2.chiikawawallpaper.com/wallpaper/gif/24e49d4344c84b508d9c969b87c7c1f3.gif
213,하치와레,하치와레,신나게 노래를 부르며 스텝을 밟는,하치와레/하치와레_신나게_노래를_부르며_스텝을_밟는_0213.gif,213-0cbf6c4fa7a149e388b0a190ebb92c07.gif,https://r2.chiikawawallpaper.com/wallpaper/gif/0cbf6c4fa7a149e388b0a190ebb92c07.gif
201,하치와레,하치와레,웅크려 꼬리 흔들기,하치와레/하치와레_웅크려_꼬리_흔들기_0201.gif,201-4a19ac355637469194bc9fb7a20b59ab (1).gif,https://r2.chiikawawallpaper.com/wallpaper/gif/4a19ac355637469194bc9fb7a20b59ab%20(1).gif
237,치이카와,치이카와,의욕 넘치는 표정으로 깡충깡충 뛰는,치이카와/치이카와_의욕_넘치는_표정으로_깡충깡충_뛰는_0237.gif,237-0a5b14fa1e054648a1b510aae2c3a2ca.gif,https://r2.chiikawawallpaper.com/wallpaper/gif/0a5b14fa1e054648a1b510aae2c3a2ca.gif
207,하치와레,하치와레,이불을 덮고 웅크려 곤히 자고 있는,하치와레/하치와레_이불을_덮고_웅크려_곤히_자고_있는_0207.gif,207-e424369c10294cb299275d386308ec00.gif,https://r2.chiikawawallpaper.com/wallpaper/gif/e424369c10294cb299275d386308ec00.gif
646,치이카와,치이카와,버섯 모자 쓰고 포자 뿜기,치이카와/치이카와_버섯_모자_쓰고_포자_뿜기_0646.gif,646-20250902145314_69af66ede54162139365c4082797d5ce.gif,https://r2.chiikawawallpaper.com/wallpaper/gif/20250902145314_69af66ede54162139365c4082797d5ce.gif
613,치이카와,치이카와,땀을 흘리며 긴장한 채 열심히 달리는,치이카와/치이카와_땀을_흘리며_긴장한_채_열심히_달리는_0613.gif,613-20250902145129_499fee00acb93e239ac3e12647fd793e.gif,https://r2.chiikawawallpaper.com/wallpaper/gif/20250902145129_499fee00acb93e239ac3e12647fd793e.gif
714,우사기,우사기,둥근 꼬리를 보이며 아장아장 걸어가는,우사기/우사기_둥근_꼬리를_보이며_아장아장_걸어가는_0714.gif,714-20250902145652_6b04d61f5b345c491c4e58dd963b10a5.gif,https://r2.chiikawawallpaper.com/wallpaper/gif/20250902145652_6b04d61f5b345c491c4e58dd963b10a5.gif
177,함께_등장,치이카와+하치와레+우사기,택배 상자 들고 달리기,함께_등장/치이카와-하치와레-우사기_택배_상자_들고_달리기_0177.gif,177-87f72c0570444ff487e89e9dfdea7b72 (1).gif,https://r2.chiikawawallpaper.com/wallpaper/gif/87f72c0570444ff487e89e9dfdea7b72%20(1).gif
696,치이카와,치이카와,핑크 토벌봉 옆에 누워 겁먹고 떠는,치이카와/치이카와_핑크_토벌봉_옆에_누워_겁먹고_떠는_0696.gif,696-20250902145552_2bbf5001ad2854445378f9515d76aecc.gif,https://r2.chiikawawallpaper.com/wallpaper/gif/20250902145552_2bbf5001ad2854445378f9515d76aecc.gif
725,함께_등장,우사기+하치와레,하치와레 옆에서 걷기,함께_등장/우사기-하치와레_하치와레_옆에서_걷기_0725.gif,725-20250902145727_0a90ba5bbdca9cf5b9fbfdcbfd13afa7.gif,https://r2.chiikawawallpaper.com/wallpaper/gif/20250902145727_0a90ba5bbdca9cf5b9fbfdcbfd13afa7.gif
222,우사기,우사기,팔짱을 끼고 자신감 넘치게 미소 짓는,우사기/우사기_팔짱을_끼고_자신감_넘치게_미소_짓는_0222.gif,222-f8057a7825ae42459d58ec365b09050a.gif,https://r2.chiikawawallpaper.com/wallpaper/gif/f8057a7825ae42459d58ec365b09050a.gif
253,하치와레,하치와레,눈 감고 활짝 웃기,하치와레/하치와레_눈_감고_활짝_웃기_0253.gif,253-85de97b5658e4a7fab6ad79f7f35a0e4 (1).gif,https://r2.chiikawawallpaper.com/wallpaper/gif/85de97b5658e4a7fab6ad79f7f35a0e4%20(1).gif
190,함께_등장,치이카와+하치와레,야외에서 소프트아이스크림을 들고 미소 짓는,함께_등장/치이카와-하치와레_야외에서_소프트아이스크림을_들고_미소_짓는_0190.gif,190-6a1567707dec4f679b546f27cc0a3843.gif,https://r2.chiikawawallpaper.com/wallpaper/gif/6a1567707dec4f679b546f27cc0a3843.gif
2092,시사,시사,볼을 붉히며 행복하게 미소 짓고 빛나는,시사/시사_볼을_붉히며_행복하게_미소_짓고_빛나는_2092.gif,2092-39c0f9dcdf75cfd13d3247678e9ad08f.gif,https://r2.chiikawawallpaper.com/wallpaper/20260923/39c0f9dcdf75cfd13d3247678e9ad08f.gif
580,하치와레,하치와레,사스마타를 들고 지쳤지만 뿌듯하게 미소 지으며 걷는,하치와레/하치와레_사스마타를_들고_지쳤지만_뿌듯하게_미소_지으며_걷는_0580.gif,580-20250902144946_3743f58d74ab2445434b68f8f459d037.gif,https://r2.chiikawawallpaper.com/wallpaper/gif/20250902144946_3743f58d74ab2445434b68f8f459d037.gif
242,함께_등장,치이카와+하치와레,김이 나는 냄비 속에 쏙 들어가 있는,함께_등장/치이카와-하치와레_김이_나는_냄비_속에_쏙_들어가_있는_0242.gif,242-ce4c51beb3854725ad0729ee02277236.gif,https://r2.chiikawawallpaper.com/wallpaper/gif/ce4c51beb3854725ad0729ee02277236.gif
667,치이카와,치이카와,이불을 덮고 행복하게 미소 지으며 자는,치이카와/치이카와_이불을_덮고_행복하게_미소_지으며_자는_0667.gif,667-20250902145419_cdb48169f813d8684b918e49b03b2594.gif,https://r2.chiikawawallpaper.com/wallpaper/gif/20250902145419_cdb48169f813d8684b918e49b03b2594.gif
688,치이카와,치이카와,눈물을 글썽이며 빵을 맛있게 먹는,치이카와/치이카와_눈물을_글썽이며_빵을_맛있게_먹는_0688.gif,688-20250902145525_0a283fcb4d6b10b157fb17190d44bd8e.gif,https://r2.chiikawawallpaper.com/wallpaper/gif/20250902145525_0a283fcb4d6b10b157fb17190d44bd8e.gif
640,함께_등장,치이카와+우사기,음식을 볼 가득 넣고 맛있게 먹는,함께_등장/치이카와-우사기_음식을_볼_가득_넣고_맛있게_먹는_0640.gif,640-20250902145253_fd599ce2d60fb77feaeb846d308c1c1c.gif,https://r2.chiikawawallpaper.com/wallpaper/gif/20250902145253_fd599ce2d60fb77feaeb846d308c1c1c.gif
270,치이카와,치이카와,안절부절못하며 초조해하는 반응,치이카와/치이카와_안절부절못하며_초조해하는_반응_0270.gif,270-e59454ed5b6a4d8fa9e3d88afb5bc97c.gif,https://r2.chiikawawallpaper.com/wallpaper/gif/e59454ed5b6a4d8fa9e3d88afb5bc97c.gif
643,하치와레,하치와레,풀밭에서 반짝이는 눈으로 작은 풀을 바라보는,하치와레/하치와레_풀밭에서_반짝이는_눈으로_작은_풀을_바라보는_0643.gif,643-20250902145303_4c77a114458022f1475991b6719c103b.gif,https://r2.chiikawawallpaper.com/wallpaper/gif/20250902145303_4c77a114458022f1475991b6719c103b.gif
587,치이카와,치이카와,풀밭에 누워 쉬기,치이카와/치이카와_풀밭에_누워_쉬기_0587.gif,587-20250902145009_397d8c583f033f05136dec8e51b5e81b.gif,https://r2.chiikawawallpaper.com/wallpaper/gif/20250902145009_397d8c583f033f05136dec8e51b5e81b.gif
262,하치와레,하치와레,고개를 갸웃하며 기뻐하는 표정,하치와레/하치와레_고개를_갸웃하며_기뻐하는_표정_0262.gif,262-7854f5f1e2c346329f375d3ef4a6717d.gif,https://r2.chiikawawallpaper.com/wallpaper/gif/7854f5f1e2c346329f375d3ef4a6717d.gif
601,치이카와,치이카와,이불 속에서 행복하게 잠든,치이카와/치이카와_이불_속에서_행복하게_잠든_0601.gif,601-20250902145056_fe5c96bd1e281bd6850ccab8627adf79.gif,https://r2.chiikawawallpaper.com/wallpaper/gif/20250902145056_fe5c96bd1e281bd6850ccab8627adf79.gif
236,하치와레,하치와레,풀밭에서 신나게 깡총거리며 춤추는,하치와레/하치와레_풀밭에서_신나게_깡총거리며_춤추는_0236.gif,236-6e6717e451234dfe8820a9371a4390dd.gif,https://r2.chiikawawallpaper.com/wallpaper/gif/6e6717e451234dfe8820a9371a4390dd.gif
263,함께_등장,치이카와+하치와레,볼을 붉히며 나란히 미소 짓는,함께_등장/치이카와-하치와레_볼을_붉히며_나란히_미소_짓는_0263.gif,263-0ed258f1c169463fb40063758b6e27b7.gif,https://r2.chiikawawallpaper.com/wallpaper/gif/0ed258f1c169463fb40063758b6e27b7.gif
210,치이카와,치이카와,택배 상자 들고 넘어지기,치이카와/치이카와_택배_상자_들고_넘어지기_0210.gif,210-8568bc8bc75f44dfa4c47b45d0a7bd51 (1).gif,https://r2.chiikawawallpaper.com/wallpaper/gif/8568bc8bc75f44dfa4c47b45d0a7bd51%20(1).gif
247,하치와레,하치와레,진지한 표정으로 피라미드 책을 열심히 읽는,하치와레/하치와레_진지한_표정으로_피라미드_책을_열심히_읽는_0247.gif,247-31a4a8083f8c4971806d48df23734080.gif,https://r2.chiikawawallpaper.com/wallpaper/gif/31a4a8083f8c4971806d48df23734080.gif
663,치이카와,치이카와,나무 그루터기에 앉아 콧노래를 흥얼거리는 뒷,치이카와/치이카와_나무_그루터기에_앉아_콧노래를_흥얼거리는_뒷_0663.gif,663-20250902145405_f72e78658acbbd69870b4a554cb3e6de.gif,https://r2.chiikawawallpaper.com/wallpaper/gif/20250902145405_f72e78658acbbd69870b4a554cb3e6de.gif
703,치이카와,치이카와,핑크 파자마를 입고 신나게 점프하는,치이카와/치이카와_핑크_파자마를_입고_신나게_점프하는_0703.gif,703-20250902145615_5b5dc096d04c4e803a144a9ddddf217b.gif,https://r2.chiikawawallpaper.com/wallpaper/gif/20250902145615_5b5dc096d04c4e803a144a9ddddf217b.gif
668,치이카와,치이카와,분홍색 곰돌이 잠옷을 입고 미소 짓는,치이카와/치이카와_분홍색_곰돌이_잠옷을_입고_미소_짓는_0668.gif,668-20250902145422_d74fc2a7d1087b1e5c94179ab4837ecc.gif,https://r2.chiikawawallpaper.com/wallpaper/gif/20250902145422_d74fc2a7d1087b1e5c94179ab4837ecc.gif
2091,모몽가,모몽가,하늘다람쥐가 나무 그루터기에 앉아 눈망울을 글썽이는,모몽가/모몽가_하늘다람쥐가_나무_그루터기에_앉아_눈망울을_글썽이는_2091.gif,2091-ea81c7569ae919d736b691bab82a6679.gif,https://r2.chiikawawallpaper.com/wallpaper/20260923/ea81c7569ae919d736b691bab82a6679.gif
257,치이카와,치이카와,볼을 붉히고 눈을 반짝이며 젓가락을 든,치이카와/치이카와_볼을_붉히고_눈을_반짝이며_젓가락을_든_0257.gif,257-3bffb8fd74e04645a9a1237c7e2fedb2.gif,https://r2.chiikawawallpaper.com/wallpaper/gif/3bffb8fd74e04645a9a1237c7e2fedb2.gif
200,치이카와,치이카와,뒤돌아 손 흔들기,치이카와/치이카와_뒤돌아_손_흔들기_0200.gif,200-24e49d4344c84b508d9c969b87c7c1f3 (1).gif,https://r2.chiikawawallpaper.com/wallpaper/gif/24e49d4344c84b508d9c969b87c7c1f3%20(1).gif
681,치이카와,치이카와,핑크 수면잠옷을 입고 방긋 미소 짓는,치이카와/치이카와_핑크_수면잠옷을_입고_방긋_미소_짓는_0681.gif,681-20250902145503_2c921ba2467b552a137aae922798767a.gif,https://r2.chiikawawallpaper.com/wallpaper/gif/20250902145503_2c921ba2467b552a137aae922798767a.gif
709,하치와레,하치와레,기분 좋게 미소 지으며 신나게 걸어가는,하치와레/하치와레_기분_좋게_미소_지으며_신나게_걸어가는_0709.gif,709-20250902145636_d7ae6f3ce5d65ada78a6d5759f2e313e.gif,https://r2.chiikawawallpaper.com/wallpaper/gif/20250902145636_d7ae6f3ce5d65ada78a6d5759f2e313e.gif
631,함께_등장,우사기+하치와레,야외에서 환하게 웃고 있는,함께_등장/우사기-하치와레_야외에서_환하게_웃고_있는_0631.gif,631-20250902145224_55bf4834b87707ec5b4291bacbb675a0.gif,https://r2.chiikawawallpaper.com/wallpaper/gif/20250902145224_55bf4834b87707ec5b4291bacbb675a0.gif
724,함께_등장,우사기+하치와레,테이블 옆에서 꼬리를 흔들며 기대에 찬 표정을 짓는,함께_등장/우사기-하치와레_테이블_옆에서_꼬리를_흔들며_기대에_찬_표정을_짓는_0724.gif,724-20250902145725_e2f0d5a0b73b0d133f2cbcf18a649deb.gif,https://r2.chiikawawallpaper.com/wallpaper/gif/20250902145725_e2f0d5a0b73b0d133f2cbcf18a649deb.gif
183,치이카와,치이카와,뜨거운 음식을 젓가락으로 집어 맛있게 먹는,치이카와/치이카와_뜨거운_음식을_젓가락으로_집어_맛있게_먹는_0183.gif,183-a814b03784954694bfcfe4ab3f21ae9e.gif,https://r2.chiikawawallpaper.com/wallpaper/gif/a814b03784954694bfcfe4ab3f21ae9e.gif
577,치이카와,치이카와,구름 속에 파묻혀 땀을 흘리며 긴장한 표정을 짓는,치이카와/치이카와_구름_속에_파묻혀_땀을_흘리며_긴장한_표정을_짓는_0577.gif,577-20250902144937_4d0c31483f6a547cdf38333716da8ae6.gif,https://r2.chiikawawallpaper.com/wallpaper/gif/20250902144937_4d0c31483f6a547cdf38333716da8ae6.gif
185,함께_등장,치이카와+하치와레,나란히 웃으며 달리기,함께_등장/치이카와-하치와레_나란히_웃으며_달리기_0185.gif,185-d26bee75ba5f4dd1a827a3ae8a4480f1 (1).gif,https://r2.chiikawawallpaper.com/wallpaper/gif/d26bee75ba5f4dd1a827a3ae8a4480f1%20(1).gif
652,치이카와,치이카와,헤어밴드를 쓰고 핑크색 책상에서 열심히 공책에 글씨 쓰는,치이카와/치이카와_헤어밴드를_쓰고_핑크색_책상에서_열심히_공책에_글씨_쓰는_0652.gif,652-20250902145331_f6b7e98a34480f9bb38099f6f8b60e2a.gif,https://r2.chiikawawallpaper.com/wallpaper/gif/20250902145331_f6b7e98a34480f9bb38099f6f8b60e2a.gif
589,치이카와,치이카와,둥근 귀 클로즈업,치이카와/치이카와_둥근_귀_클로즈업_0589.gif,589-20250902145015_d9509b2b5708b091bffdae3ac8283a6a.gif,https://r2.chiikawawallpaper.com/wallpaper/gif/20250902145015_d9509b2b5708b091bffdae3ac8283a6a.gif
2188,우사기,우사기,모몽가 옷 입고 밤하늘 날기,우사기/우사기_모몽가_옷_입고_밤하늘_날기_2188.gif,2188-0eea2d4006c9fa21766bad1f8831e26b.gif,https://r2.chiikawawallpaper.com/wallpaper/20260924/0eea2d4006c9fa21766bad1f8831e26b.gif
2096,모몽가,모몽가,하늘다람쥐가 돌을 쥐고 미소 짓는,모몽가/모몽가_하늘다람쥐가_돌을_쥐고_미소_짓는_2096.gif,2096-0eef83aa0e3f7997b62506db5c6a9336.gif,https://r2.chiikawawallpaper.com/wallpaper/20260923/0eef83aa0e3f7997b62506db5c6a9336.gif
726,치이카와,치이카와,풀밭에서 땀을 흘리며 긴장한 표정의,치이카와/치이카와_풀밭에서_땀을_흘리며_긴장한_표정의_0726.gif,726-20250902145731_7da9fb9c1c7559e1538bfa600f39ca45.gif,https://r2.chiikawawallpaper.com/wallpaper/gif/20250902145731_7da9fb9c1c7559e1538bfa600f39ca45.gif
614,하치와레,하치와레,후드를 쓰고 열심히 책을 읽으며 공부하는,하치와레/하치와레_후드를_쓰고_열심히_책을_읽으며_공부하는_0614.gif,614-20250902145132_5b930b75f557d9debb2693f6047d2803.gif,https://r2.chiikawawallpaper.com/wallpaper/gif/20250902145132_5b930b75f557d9debb2693f6047d2803.gif
229,하치와레,하치와레,혀를 내밀고 볼을 붉히며 애교부리는,하치와레/하치와레_혀를_내밀고_볼을_붉히며_애교부리는_0229.gif,229-4a6f7d5f97b0494cb5a8ec83b6836951.gif,https://r2.chiikawawallpaper.com/wallpaper/gif/4a6f7d5f97b0494cb5a8ec83b6836951.gif
675,치이카와,치이카와,반짝이는 눈으로 위를 올려다보는 반응,치이카와/치이카와_반짝이는_눈으로_위를_올려다보는_반응_0675.gif,675-20250902145445_26b0e1e128da1f1c5b60b849220340ce.gif,https://r2.chiikawawallpaper.com/wallpaper/gif/20250902145445_26b0e1e128da1f1c5b60b849220340ce.gif
627,치이카와,치이카와,얌전히 앉아 간식을 먹는,치이카와/치이카와_얌전히_앉아_간식을_먹는_0627.gif,627-20250902145212_2d8fd2ba1e0f895385a4b3436fe45be9.gif,https://r2.chiikawawallpaper.com/wallpaper/gif/20250902145212_2d8fd2ba1e0f895385a4b3436fe45be9.gif
2115,카니,카니,귀엽고 진지한 표정으로 볼을 붉히는,카니/카니_귀엽고_진지한_표정으로_볼을_붉히는_2115.gif,2115-32fe51c5a49ec542daa55fec9f447f44.gif,https://r2.chiikawawallpaper.com/wallpaper/20260923/32fe51c5a49ec542daa55fec9f447f44.gif
204,하치와레,하치와레,활짝 웃으며 기뻐하는,하치와레/하치와레_활짝_웃으며_기뻐하는_0204.gif,204-85de97b5658e4a7fab6ad79f7f35a0e4.gif,https://r2.chiikawawallpaper.com/wallpaper/gif/85de97b5658e4a7fab6ad79f7f35a0e4.gif
586,치이카와,치이카와,풀밭에서 볼을 붉히며 기분 좋게 웃는,치이카와/치이카와_풀밭에서_볼을_붉히며_기분_좋게_웃는_0586.gif,586-20250902145006_7bc79128f738e94e00976b9b77349507.gif,https://r2.chiikawawallpaper.com/wallpaper/gif/20250902145006_7bc79128f738e94e00976b9b77349507.gif
2184,세이렌,세이렌,커다란 얼굴로 간식 먹기,세이렌/세이렌_커다란_얼굴로_간식_먹기_2184.gif,2184-26581178d95eb2f209a6120f8d4cdce3.gif,https://r2.chiikawawallpaper.com/wallpaper/20260924/26581178d95eb2f209a6120f8d4cdce3.gif
659,검은별,검은별,분홍색 난간 위에 얌전히 앉아 있는 검은 별,검은별/검은별_분홍색_난간_위에_얌전히_앉아_있는_검은_별_0659.gif,659-20250902145352_14cc3f90da9feea9f893ae47c5f1c041.gif,https://r2.chiikawawallpaper.com/wallpaper/gif/20250902145352_14cc3f90da9feea9f893ae47c5f1c041.gif
188,치이카와,치이카와,골판지 택배 상자를 들고 신나게 달려가는,치이카와/치이카와_골판지_택배_상자를_들고_신나게_달려가는_0188.gif,188-aa9bbba85ae34ec1a3836c41cea8351a.gif,https://r2.chiikawawallpaper.com/wallpaper/gif/aa9bbba85ae34ec1a3836c41cea8351a.gif
697,치이카와,치이카와,문 앞에서 빼꼼 나오기,치이카와/치이카와_문_앞에서_빼꼼_나오기_0697.gif,697-20250902145554_83278a5ae00498776d6d693f0eb2b0b9.gif,https://r2.chiikawawallpaper.com/wallpaper/gif/20250902145554_83278a5ae00498776d6d693f0eb2b0b9.gif
683,치이카와,치이카와,풀밭에서 볼을 붉히며 행복하게 웃고 있는,치이카와/치이카와_풀밭에서_볼을_붉히며_행복하게_웃고_있는_0683.gif,683-20250902145511_cbe161c36baaf630be0b051b5f1ea8f9.gif,https://r2.chiikawawallpaper.com/wallpaper/gif/20250902145511_cbe161c36baaf630be0b051b5f1ea8f9.gif
701,하치와레,하치와레,푸른 사스마타를 쥐고 미소 짓는,하치와레/하치와레_푸른_사스마타를_쥐고_미소_짓는_0701.gif,701-20250902145608_9dc3bd89f2aede2886e794ab4d55022c.gif,https://r2.chiikawawallpaper.com/wallpaper/gif/20250902145608_9dc3bd89f2aede2886e794ab4d55022c.gif
232,치이카와,치이카와,글썽이는 눈으로 수줍게 미소 짓는,치이카와/치이카와_글썽이는_눈으로_수줍게_미소_짓는_0232.gif,232-a8c3088411af41bf98c95b682f8053ff.gif,https://r2.chiikawawallpaper.com/wallpaper/gif/a8c3088411af41bf98c95b682f8053ff.gif
2110,함께_등장,랏코+갑옷씨,갑옷씨 옆에서 가시 갑옷 입기,함께_등장/랏코-갑옷씨_갑옷씨_옆에서_가시_갑옷_입기_2110.gif,2110-cc0672a03b645c78fd43537ef19ec37f.gif,https://r2.chiikawawallpaper.com/wallpaper/20260923/cc0672a03b645c78fd43537ef19ec37f.gif
620,하치와레,하치와레,볼을 붉히며 방긋 웃는 클로즈업,하치와레/하치와레_볼을_붉히며_방긋_웃는_클로즈업_0620.gif,620-20250902145152_1a0bddc4c554b17079fb64b6b73bf3d1.gif,https://r2.chiikawawallpaper.com/wallpaper/gif/20250902145152_1a0bddc4c554b17079fb64b6b73bf3d1.gif
2087,쿠리만쥬,쿠리만쥬,따끈따끈하고 맛있는 피자를 한 입 베어 무는 먹방,쿠리만쥬/쿠리만쥬_따끈따끈하고_맛있는_피자를_한_입_베어_무는_먹방_2087.gif,2087-df8523b32080f5ee3ee7243f46500f78.gif,https://r2.chiikawawallpaper.com/wallpaper/20260923/df8523b32080f5ee3ee7243f46500f78.gif
692,치이카와,치이카와,눈물 그렁그렁 화내며 떼쓰는 투정,치이카와/치이카와_눈물_그렁그렁_화내며_떼쓰는_투정_0692.gif,692-20250902145538_e49ca4034e00cfae5f72c4a5d41e0e0d.gif,https://r2.chiikawawallpaper.com/wallpaper/gif/20250902145538_e49ca4034e00cfae5f72c4a5d41e0e0d.gif
208,치이카와,치이카와,총을 들고 결의에 찬 화난 표정을 짓는 밈,치이카와/치이카와_총을_들고_결의에_찬_화난_표정을_짓는_밈_0208.gif,208-10d2cc8d993e4b54bed05c6d6c64d78d.gif,https://r2.chiikawawallpaper.com/wallpaper/gif/10d2cc8d993e4b54bed05c6d6c64d78d.gif
216,함께_등장,치이카와+하치와레+우사기,왕관을 쓰고 도넛을 맛있게 먹는,함께_등장/치이카와-하치와레-우사기_왕관을_쓰고_도넛을_맛있게_먹는_0216.gif,216-5e64619e2e1f4969860674e66380308a.gif,https://r2.chiikawawallpaper.com/wallpaper/gif/5e64619e2e1f4969860674e66380308a.gif
715,치이카와,치이카와,얼굴 클로즈업 떨고 있는 표정,치이카와/치이카와_얼굴_클로즈업_떨고_있는_표정_0715.gif,715-20250902145655_72e4d8575314604f246cee504fe705eb.gif,https://r2.chiikawawallpaper.com/wallpaper/gif/20250902145655_72e4d8575314604f246cee504fe705eb.gif
704,치이카와,치이카와,울리는 알람 시계를 들고 당황해서 땀을 흘리는,치이카와/치이카와_울리는_알람_시계를_들고_당황해서_땀을_흘리는_0704.gif,704-20250902145618_2fd626fd5d45ff15d1cc966e1c41d5b8.gif,https://r2.chiikawawallpaper.com/wallpaper/gif/20250902145618_2fd626fd5d45ff15d1cc966e1c41d5b8.gif
198,함께_등장,치이카와+하치와레,나란히 서서 활짝 웃는,함께_등장/치이카와-하치와레_나란히_서서_활짝_웃는_0198.gif,198-2ee0e7f515214e3188f201eabab22b91.gif,https://r2.chiikawawallpaper.com/wallpaper/gif/2ee0e7f515214e3188f201eabab22b91.gif
2116,랏코,랏코,목도리를 두르고 수줍게 달콤한 음료를 마시는,랏코/랏코_목도리를_두르고_수줍게_달콤한_음료를_마시는_2116.gif,2116-0bd385077dd62111bcf9f3621a6d2363.gif,https://r2.chiikawawallpaper.com/wallpaper/20260923/0bd385077dd62111bcf9f3621a6d2363.gif
196,함께_등장,치이카와+하치와레,함께 리코더를 들고 기뻐하는,함께_등장/치이카와-하치와레_함께_리코더를_들고_기뻐하는_0196.gif,196-e2d682efdb2144e99459e5b9938bc40c.gif,https://r2.chiikawawallpaper.com/wallpaper/gif/e2d682efdb2144e99459e5b9938bc40c.gif
2084,쿠리만쥬,쿠리만쥬,숲에서 신나게 굴을 들고 먹으려는,쿠리만쥬/쿠리만쥬_숲에서_신나게_굴을_들고_먹으려는_2084.gif,2084-f13b0a95e37705159e930053521cf283.gif,https://r2.chiikawawallpaper.com/wallpaper/20260923/f13b0a95e37705159e930053521cf283.gif
2185,쿠리만쥬,쿠리만쥬,테이블에 앉아 술과 안주를 기다리는,쿠리만쥬/쿠리만쥬_테이블에_앉아_술과_안주를_기다리는_2185.gif,2185-9a6252c589ff974aa304a4c0f5af64b3.gif,https://r2.chiikawawallpaper.com/wallpaper/20260924/9a6252c589ff974aa304a4c0f5af64b3.gif
617,치이카와,치이카와,눈을 반짝이며 노란 간식을 들고 있는,치이카와/치이카와_눈을_반짝이며_노란_간식을_들고_있는_0617.gif,617-20250902145141_32df594e220b301cce7d4d1b5b397171.gif,https://r2.chiikawawallpaper.com/wallpaper/gif/20250902145141_32df594e220b301cce7d4d1b5b397171.gif
661,우사기,우사기,볼을 붉히며 옆을 돌아보는,우사기/우사기_볼을_붉히며_옆을_돌아보는_0661.gif,661-20250902145358_8b1386369b38727bdf38fae88b4bc276.gif,https://r2.chiikawawallpaper.com/wallpaper/gif/20250902145358_8b1386369b38727bdf38fae88b4bc276.gif
658,하치와레,하치와레,숟가락과 그릇을 들고 맛있게 식사하는,하치와레/하치와레_숟가락과_그릇을_들고_맛있게_식사하는_0658.gif,658-20250902145349_2e64602ed373f813bae43b52a0c7a18a.gif,https://r2.chiikawawallpaper.com/wallpaper/gif/20250902145349_2e64602ed373f813bae43b52a0c7a18a.gif
670,치이카와,치이카와,간식 들고 그늘에서 돌아보기,치이카와/치이카와_간식_들고_그늘에서_돌아보기_0670.gif,670-20250902145430_e2bf4b8886d09ec9c3da8c1b05c6e5d3.gif,https://r2.chiikawawallpaper.com/wallpaper/gif/20250902145430_e2bf4b8886d09ec9c3da8c1b05c6e5d3.gif
657,하치와레,하치와레,한 손에 쏙 안겨 바라보는,하치와레/하치와레_한_손에_쏙_안겨_바라보는_0657.gif,657-20250902145346_ec151fccd900cf47a5c3d49bde140a0f.gif,https://r2.chiikawawallpaper.com/wallpaper/gif/20250902145346_ec151fccd900cf47a5c3d49bde140a0f.gif
2122,랏코,랏코,검을 등에 메고 망토를 두른 채 늠름하게 걷는,랏코/랏코_검을_등에_메고_망토를_두른_채_늠름하게_걷는_2122.gif,2122-5032dda12158d91e8cb08e78a43c56ef.gif,https://r2.chiikawawallpaper.com/wallpaper/20260923/5032dda12158d91e8cb08e78a43c56ef.gif
723,치이카와,치이카와,볼을 붉히며 돌아보는,치이카와/치이카와_볼을_붉히며_돌아보는_0723.gif,723-20250902145722_7459e1fef8e044a9db86af9a2b1b3e0b.gif,https://r2.chiikawawallpaper.com/wallpaper/gif/20250902145722_7459e1fef8e044a9db86af9a2b1b3e0b.gif
2086,쿠리만쥬,쿠리만쥬,김이 모락모락 나는 따뜻한 국을 들고 있는,쿠리만쥬/쿠리만쥬_김이_모락모락_나는_따뜻한_국을_들고_있는_2086.gif,2086-4b7d3221be923c6c4aa8a7a52b9182d4.gif,https://r2.chiikawawallpaper.com/wallpaper/20260923/4b7d3221be923c6c4aa8a7a52b9182d4.gif
578,함께_등장,치이카와+하치와레,나란히 앉아 간식을 맛있게 먹는,함께_등장/치이카와-하치와레_나란히_앉아_간식을_맛있게_먹는_0578.gif,578-20250902144940_31d4427c96569138ce72d82045b0bc94.gif,https://r2.chiikawawallpaper.com/wallpaper/gif/20250902144940_31d4427c96569138ce72d82045b0bc94.gif
630,하치와레,하치와레,촉촉한 눈망울로 볼을 붉히며 미소 짓는,하치와레/하치와레_촉촉한_눈망울로_볼을_붉히며_미소_짓는_0630.gif,630-20250902145221_f635d21d4ba8536cc5f87a1c2ccf0f1a.gif,https://r2.chiikawawallpaper.com/wallpaper/gif/20250902145221_f635d21d4ba8536cc5f87a1c2ccf0f1a.gif
684,치이카와,치이카와,이불 속에 웅크리고 누워 눈을 깜빡이는,치이카와/치이카와_이불_속에_웅크리고_누워_눈을_깜빡이는_0684.gif,684-20250902145513_fcd8b4ab20add23f112d430c870a5cdd.gif,https://r2.chiikawawallpaper.com/wallpaper/gif/20250902145513_fcd8b4ab20add23f112d430c870a5cdd.gif
632,치이카와,치이카와,폭신한 구름 쿠션 위에 누워 행복하게 미소 짓는,치이카와/치이카와_폭신한_구름_쿠션_위에_누워_행복하게_미소_짓는_0632.gif,632-20250902145227_e328f412f0c652cc312878f77ca8aedd.gif,https://r2.chiikawawallpaper.com/wallpaper/gif/20250902145227_e328f412f0c652cc312878f77ca8aedd.gif
2112,랏코,랏코,털이 복슬복슬 부푼 나이프와 포크로 철판 요리를 먹는,랏코/랏코_털이_복슬복슬_부푼_나이프와_포크로_철판_요리를_먹는_2112.gif,2112-477dfc67a0a895c681b1cfccb3b9ec56.gif,https://r2.chiikawawallpaper.com/wallpaper/20260923/477dfc67a0a895c681b1cfccb3b9ec56.gif
699,치이카와,치이카와,편안하게 곤히 잠들어 있는 얼굴,치이카와/치이카와_편안하게_곤히_잠들어_있는_얼굴_0699.gif,699-20250902145600_27d3ab29c6b31da64082ba4ab1bf0965.gif,https://r2.chiikawawallpaper.com/wallpaper/gif/20250902145600_27d3ab29c6b31da64082ba4ab1bf0965.gif
671,치이카와,치이카와,포근한 이불 속에서 미소 지으며 잠자는,치이카와/치이카와_포근한_이불_속에서_미소_지으며_잠자는_0671.gif,671-20250902145432_76bd2bf69ef84864d1d0fdbc2f26e44c.gif,https://r2.chiikawawallpaper.com/wallpaper/gif/20250902145432_76bd2bf69ef84864d1d0fdbc2f26e44c.gif
616,하치와레,하치와레,턱을 괴고 볼을 붉히며 생각하는,하치와레/하치와레_턱을_괴고_볼을_붉히며_생각하는_0616.gif,616-20250902145138_21c505f88106aa674768e86db64dff15.gif,https://r2.chiikawawallpaper.com/wallpaper/gif/20250902145138_21c505f88106aa674768e86db64dff15.gif
591,치이카와,치이카와,분홍색 알람 시계 옆에서 곤히 잠든,치이카와/치이카와_분홍색_알람_시계_옆에서_곤히_잠든_0591.gif,591-20250902145022_2af9442e68189ba88a529ee82a4516ab.gif,https://r2.chiikawawallpaper.com/wallpaper/gif/20250902145022_2af9442e68189ba88a529ee82a4516ab.gif
656,하치와레,하치와레,파란 고양이 모자를 쓰고 활짝 웃는,하치와레/하치와레_파란_고양이_모자를_쓰고_활짝_웃는_0656.gif,656-20250902145343_3dc694eaa9be0cfcfaa006c8a2206a42.gif,https://r2.chiikawawallpaper.com/wallpaper/gif/20250902145343_3dc694eaa9be0cfcfaa006c8a2206a42.gif
642,치이카와,치이카와,긴장해서 떨며 과자를 먹는,치이카와/치이카와_긴장해서_떨며_과자를_먹는_0642.gif,642-20250902145300_f2468172289f1cf09ef5157e0a93aaac.gif,https://r2.chiikawawallpaper.com/wallpaper/gif/20250902145300_f2468172289f1cf09ef5157e0a93aaac.gif
597,하치와레,하치와레,눈을 감고 사랑스럽게 방긋 미소 짓는,하치와레/하치와레_눈을_감고_사랑스럽게_방긋_미소_짓는_0597.gif,597-20250902145043_b1a3182be6109df1d72e8aa2d6c078dd.gif,https://r2.chiikawawallpaper.com/wallpaper/gif/20250902145043_b1a3182be6109df1d72e8aa2d6c078dd.gif
225,우사기,우사기,뒤집개를 들고 신나게 달려가는,우사기/우사기_뒤집개를_들고_신나게_달려가는_0225.gif,225-6ba6b8d8412e4941b1f0346a9030a1b7.gif,https://r2.chiikawawallpaper.com/wallpaper/gif/6ba6b8d8412e4941b1f0346a9030a1b7.gif
691,치이카와,치이카와,핑크색 잠옷을 입고 해맑게 미소 짓는,치이카와/치이카와_핑크색_잠옷을_입고_해맑게_미소_짓는_0691.gif,691-20250902145535_8f4dab52367e54e01c60d73dae76b96c.gif,https://r2.chiikawawallpaper.com/wallpaper/gif/20250902145535_8f4dab52367e54e01c60d73dae76b96c.gif
619,우사기,우사기,막대기를 들고 신나게 달려가는,우사기/우사기_막대기를_들고_신나게_달려가는_0619.gif,619-20250902145148_28108335d35f2d19de7cf5569b06c11b.gif,https://r2.chiikawawallpaper.com/wallpaper/gif/20250902145148_28108335d35f2d19de7cf5569b06c11b.gif
720,치이카와,치이카와,양손으로 하늘색 간식을 들고 맛있게 먹는,치이카와/치이카와_양손으로_하늘색_간식을_들고_맛있게_먹는_0720.gif,720-20250902145713_f0d19574d68a39546a4eaf61fb985ae0.gif,https://r2.chiikawawallpaper.com/wallpaper/gif/20250902145713_f0d19574d68a39546a4eaf61fb985ae0.gif
710,치이카와,치이카와,분홍색 싹둑창을 들고 힘차게 뛰어가는,치이카와/치이카와_분홍색_싹둑창을_들고_힘차게_뛰어가는_0710.gif,710-20250902145639_0b5490abb868987ec99c6b14f0249c22.gif,https://r2.chiikawawallpaper.com/wallpaper/gif/20250902145639_0b5490abb868987ec99c6b14f0249c22.gif
2108,카니,카니,책 들고 떨며 뒤돌아보기,카니/카니_책_들고_떨며_뒤돌아보기_2108.gif,2108-cbefad5077c0c3ddf3e4ae6d57dd9550.gif,https://r2.chiikawawallpaper.com/wallpaper/20260923/cbefad5077c0c3ddf3e4ae6d57dd9550.gif
702,치이카와,치이카와,볼을 붉히며 활짝 웃는 얼굴 클로즈업,치이카와/치이카와_볼을_붉히며_활짝_웃는_얼굴_클로즈업_0702.gif,702-20250902145611_253333f6923e9af36b373e03516272af.gif,https://r2.chiikawawallpaper.com/wallpaper/gif/20250902145611_253333f6923e9af36b373e03516272af.gif
187,함께_등장,치이카와+하치와레,함께 간식을 먹으며 신난,함께_등장/치이카와-하치와레_함께_간식을_먹으며_신난_0187.gif,187-65b59c634b8940549990d97e8cf1f4e7.gif,https://r2.chiikawawallpaper.com/wallpaper/gif/65b59c634b8940549990d97e8cf1f4e7.gif
673,하치와레,하치와레,간식을 맛있게 먹으며 활짝 웃는,하치와레/하치와레_간식을_맛있게_먹으며_활짝_웃는_0673.gif,673-20250902145438_d557e1997403c13026797e018897d543.gif,https://r2.chiikawawallpaper.com/wallpaper/gif/20250902145438_d557e1997403c13026797e018897d543.gif
664,치이카와,치이카와,행복하게 도넛을 맛있게 먹는,치이카와/치이카와_행복하게_도넛을_맛있게_먹는_0664.gif,664-20250902145409_fc04c6f65092f01ab053158652c8dc85.gif,https://r2.chiikawawallpaper.com/wallpaper/gif/20250902145409_fc04c6f65092f01ab053158652c8dc85.gif
588,우사기,우사기,노란 옷을 입고 바닥을 빠르게 미끄러지는,우사기/우사기_노란_옷을_입고_바닥을_빠르게_미끄러지는_0588.gif,588-20250902145012_cdf459466cb9b86f9cbcc9c51117e625.gif,https://r2.chiikawawallpaper.com/wallpaper/gif/20250902145012_cdf459466cb9b86f9cbcc9c51117e625.gif
2095,우사기,우사기,마법소녀 봉을 들고 반짝이며 신나게 웃는 토끼,우사기/우사기_마법소녀_봉을_들고_반짝이며_신나게_웃는_토끼_2095.gif,2095-99c7dd421bbc37977af91955fc2d636b.gif,https://r2.chiikawawallpaper.com/wallpaper/20260923/99c7dd421bbc37977af91955fc2d636b.gif
665,우사기,우사기,잠옷을 입고 볼을 붉히며 체크 표시를 띄운,우사기/우사기_잠옷을_입고_볼을_붉히며_체크_표시를_띄운_0665.gif,665-20250902145412_51dfa71feb31cd62dd28e7503309d085.gif,https://r2.chiikawawallpaper.com/wallpaper/gif/20250902145412_51dfa71feb31cd62dd28e7503309d085.gif
718,함께_등장,치이카와+하치와레+우사기,무기를 든 걱정스러운 풀밭,함께_등장/치이카와-하치와레-우사기_무기를_든_걱정스러운_풀밭_0718.gif,718-20250902145707_6bb971a63e8a4c14c9132b9e24464b81.gif,https://r2.chiikawawallpaper.com/wallpaper/gif/20250902145707_6bb971a63e8a4c14c9132b9e24464b81.gif
2102,시사,시사,책상에서 커피병을 들고 뺨을 붉히며 미소 짓는,시사/시사_책상에서_커피병을_들고_뺨을_붉히며_미소_짓는_2102.gif,2102-42e00cb90709f1475d68ad5ef5b801ee.gif,https://r2.chiikawawallpaper.com/wallpaper/20260923/42e00cb90709f1475d68ad5ef5b801ee.gif
679,하치와레,하치와레,풀밭에서 수줍게 얼굴을 붉히며 클로버를 든,하치와레/하치와레_풀밭에서_수줍게_얼굴을_붉히며_클로버를_든_0679.gif,679-20250902145456_93787c271c6172d2cf56ed167f8ef87b.gif,https://r2.chiikawawallpaper.com/wallpaper/gif/20250902145456_93787c271c6172d2cf56ed167f8ef87b.gif
672,치이카와,치이카와,분홍색 알람시계를 보며 식은땀을 흘리고 당황하는,치이카와/치이카와_분홍색_알람시계를_보며_식은땀을_흘리고_당황하는_0672.gif,672-20250902145435_91dec317ade5746b32e55d2cdbe35d4a.gif,https://r2.chiikawawallpaper.com/wallpaper/gif/20250902145435_91dec317ade5746b32e55d2cdbe35d4a.gif
251,치이카와,치이카와,황금색 피규어를 소중하게 들고 기뻐하는,치이카와/치이카와_황금색_피규어를_소중하게_들고_기뻐하는_0251.gif,251-0af9b956322e478aa5878f08e31f43fa.gif,https://r2.chiikawawallpaper.com/wallpaper/gif/0af9b956322e478aa5878f08e31f43fa.gif
635,치이카와,치이카와,양손으로 간식을 들고 볼을 붉히는,치이카와/치이카와_양손으로_간식을_들고_볼을_붉히는_0635.gif,635-20250902145238_18633a63ba7a93113c0a87b1a6ad0dd9.gif,https://r2.chiikawawallpaper.com/wallpaper/gif/20250902145238_18633a63ba7a93113c0a87b1a6ad0dd9.gif
599,하치와레,하치와레,포근한 솜에 싸여 사스마타를 든,하치와레/하치와레_포근한_솜에_싸여_사스마타를_든_0599.gif,599-20250902145050_060a9c12b9121e863176fcdd83ca35d5.gif,https://r2.chiikawawallpaper.com/wallpaper/gif/20250902145050_060a9c12b9121e863176fcdd83ca35d5.gif
569,치이카와,치이카와,나무 그루터기 옆에서 자신만만한 표정을 짓는,치이카와/치이카와_나무_그루터기_옆에서_자신만만한_표정을_짓는_0569.gif,569-20250902144908_054f057c4d3684902c94c8dcbf810e31.gif,https://r2.chiikawawallpaper.com/wallpaper/gif/20250902144908_054f057c4d3684902c94c8dcbf810e31.gif
2083,쿠리만쥬,쿠리만쥬,캔음료를 들고 간식을 맛있게 먹는,쿠리만쥬/쿠리만쥬_캔음료를_들고_간식을_맛있게_먹는_2083.gif,2083-98a865ce49c6cd39026d1c30e47aaf60.gif,https://r2.chiikawawallpaper.com/wallpaper/20260923/98a865ce49c6cd39026d1c30e47aaf60.gif
705,하치와레,하치와레,파란 고양이 귀 머리띠를 쓰고 미소 짓는,하치와레/하치와레_파란_고양이_귀_머리띠를_쓰고_미소_짓는_0705.gif,705-20250902145622_b420576d58dbf12eef80014c357542d4.gif,https://r2.chiikawawallpaper.com/wallpaper/gif/20250902145622_b420576d58dbf12eef80014c357542d4.gif
695,우사기,우사기,볼을 붉히며 살짝 뒤돌아보는,우사기/우사기_볼을_붉히며_살짝_뒤돌아보는_0695.gif,695-20250902145549_d86a7d87bcd0e9e7392656b688934ff9.gif,https://r2.chiikawawallpaper.com/wallpaper/gif/20250902145549_d86a7d87bcd0e9e7392656b688934ff9.gif
650,검은별,검은별,검은 별 가 미소 짓는,검은별/검은별_검은_별_가_미소_짓는_0650.gif,650-20250902145326_072f3d16fbecf7c4860e7adf4c2eb6fc.gif,https://r2.chiikawawallpaper.com/wallpaper/gif/20250902145326_072f3d16fbecf7c4860e7adf4c2eb6fc.gif
686,치이카와,치이카와,볼을 붉히며 반짝이는 눈으로 미소 짓는,치이카와/치이카와_볼을_붉히며_반짝이는_눈으로_미소_짓는_0686.gif,686-20250902145519_a01966140a5a0a20e948e0f450f4f32f.gif,https://r2.chiikawawallpaper.com/wallpaper/gif/20250902145519_a01966140a5a0a20e948e0f450f4f32f.gif
689,치이카와,치이카와,풀밭에서 풀을 들고 수줍게 미소 짓는,치이카와/치이카와_풀밭에서_풀을_들고_수줍게_미소_짓는_0689.gif,689-20250902145528_5b000d61f86fd46b5a44d09fbda652be.gif,https://r2.chiikawawallpaper.com/wallpaper/gif/20250902145528_5b000d61f86fd46b5a44d09fbda652be.gif
647,치이카와,치이카와,두 손으로 간식을 들고 맛있게 먹는,치이카와/치이카와_두_손으로_간식을_들고_맛있게_먹는_0647.gif,647-20250902145317_ff2a5bfa75faf2a1c96193f968847a2d.gif,https://r2.chiikawawallpaper.com/wallpaper/gif/20250902145317_ff2a5bfa75faf2a1c96193f968847a2d.gif
2100,함께_등장,쿠리만쥬+모몽가,모몽가 옆에서 뒤돌아 간식 먹기,함께_등장/쿠리만쥬-모몽가_모몽가_옆에서_뒤돌아_간식_먹기_2100.gif,2100-0160a537098d97e16f361cd44bf5da3f.gif,https://r2.chiikawawallpaper.com/wallpaper/20260923/0160a537098d97e16f361cd44bf5da3f.gif
666,치이카와,치이카와,분홍색 곰 모자를 쓰고 눈을 감고 미소 짓는,치이카와/치이카와_분홍색_곰_모자를_쓰고_눈을_감고_미소_짓는_0666.gif,666-20250902145416_79928d657be3e6f62e144ef343ee71a4.gif,https://r2.chiikawawallpaper.com/wallpaper/gif/20250902145416_79928d657be3e6f62e144ef343ee71a4.gif
595,치이카와,치이카와,야외에서 볼을 붉히며 수줍게 미소 짓는,치이카와/치이카와_야외에서_볼을_붉히며_수줍게_미소_짓는_0595.gif,595-20250902145036_7a397b64395186aec5f60bbaf4d50ef3.gif,https://r2.chiikawawallpaper.com/wallpaper/gif/20250902145036_7a397b64395186aec5f60bbaf4d50ef3.gif
682,치이카와,치이카와,땀을 흘리며 긴장한 표정으로 빵을 먹는,치이카와/치이카와_땀을_흘리며_긴장한_표정으로_빵을_먹는_0682.gif,682-20250902145507_56484efebec7adb0d685411aeeca3b17.gif,https://r2.chiikawawallpaper.com/wallpaper/gif/20250902145507_56484efebec7adb0d685411aeeca3b17.gif
625,함께_등장,우사기+하치와레,볼을 붉히고 서 있는,함께_등장/우사기-하치와레_볼을_붉히고_서_있는_0625.gif,625-20250902145206_edc7aabfb459148f4ab28dc1ae4131af.gif,https://r2.chiikawawallpaper.com/wallpaper/gif/20250902145206_edc7aabfb459148f4ab28dc1ae4131af.gif
2089,쿠리만쥬,쿠리만쥬,음식을 초롱초롱한 눈으로 바라보는,쿠리만쥬/쿠리만쥬_음식을_초롱초롱한_눈으로_바라보는_2089.gif,2089-e95a660267efe36a991db976b04cf22c.gif,https://r2.chiikawawallpaper.com/wallpaper/20260923/e95a660267efe36a991db976b04cf22c.gif
713,기타,기타,책상 위에 놓인 풀뽑기 검정 5급 수험서,기타/기타_책상_위에_놓인_풀뽑기_검정_5급_수험서_0713.gif,713-20250902145649_6b46b6ef3105ee50cdf38fda9b88f218.gif,https://r2.chiikawawallpaper.com/wallpaper/gif/20250902145649_6b46b6ef3105ee50cdf38fda9b88f218.gif
706,치이카와,치이카와,분홍색 곰 파자마를 입고 뒤돌아보는 뒷,치이카와/치이카와_분홍색_곰_파자마를_입고_뒤돌아보는_뒷_0706.gif,706-20250902145626_480c9fa93efefa2ac3f84a41daa8be33.gif,https://r2.chiikawawallpaper.com/wallpaper/gif/20250902145626_480c9fa93efefa2ac3f84a41daa8be33.gif
693,하치와레,하치와레,하늘색 후드 잠옷을 입고 책을 읽으며 기뻐하는,하치와레/하치와레_하늘색_후드_잠옷을_입고_책을_읽으며_기뻐하는_0693.gif,693-20250902145542_e5f4c6b591b5555d5e788cdb1fb8a8cd.gif,https://r2.chiikawawallpaper.com/wallpaper/gif/20250902145542_e5f4c6b591b5555d5e788cdb1fb8a8cd.gif
649,치이카와,치이카와,초롱초롱한 눈으로 작은 상자를 바라보는,치이카와/치이카와_초롱초롱한_눈으로_작은_상자를_바라보는_0649.gif,649-20250902145323_9b87ad507a0a9a38e8a621e170649a15.gif,https://r2.chiikawawallpaper.com/wallpaper/gif/20250902145323_9b87ad507a0a9a38e8a621e170649a15.gif
590,치이카와,치이카와,땀을 흘리며 버섯을 맛있게 먹는,치이카와/치이카와_땀을_흘리며_버섯을_맛있게_먹는_0590.gif,590-20250902145019_514e43ec041d425f351541a924cf8cbc.gif,https://r2.chiikawawallpaper.com/wallpaper/gif/20250902145019_514e43ec041d425f351541a924cf8cbc.gif
180,치이카와,치이카와,신나게 택배 박스를 들고 걸어가는,치이카와/치이카와_신나게_택배_박스를_들고_걸어가는_0180.gif,180-8568bc8bc75f44dfa4c47b45d0a7bd51.gif,https://r2.chiikawawallpaper.com/wallpaper/gif/8568bc8bc75f44dfa4c47b45d0a7bd51.gif
644,하치와레,하치와레,웃으며 맛있는 간식을 먹는,하치와레/하치와레_웃으며_맛있는_간식을_먹는_0644.gif,644-20250902145307_492122c5055d69cee9339cda2c9a265a.gif,https://r2.chiikawawallpaper.com/wallpaper/gif/20250902145307_492122c5055d69cee9339cda2c9a265a.gif
633,하치와레,하치와레,흰 망토를 두르고 파란 사스마타를 든,하치와레/하치와레_흰_망토를_두르고_파란_사스마타를_든_0633.gif,633-20250902145231_1844564d21c420d6dab595108712c18a.gif,https://r2.chiikawawallpaper.com/wallpaper/gif/20250902145231_1844564d21c420d6dab595108712c18a.gif
636,치이카와,치이카와,밤 잔디밭에서 엎드려 웅크리고 숨어있는 장면,치이카와/치이카와_밤_잔디밭에서_엎드려_웅크리고_숨어있는_장면_0636.gif,636-20250902145241_19a3ea5ea010f3736a2266ec0d79320e.gif,https://r2.chiikawawallpaper.com/wallpaper/gif/20250902145241_19a3ea5ea010f3736a2266ec0d79320e.gif
582,하치와레,하치와레,눈을 감고 활짝 웃으며 한 발로 춤추는,하치와레/하치와레_눈을_감고_활짝_웃으며_한_발로_춤추는_0582.gif,582-20250902144953_115b90adf3c312ff2fffd413d53614dd.gif,https://r2.chiikawawallpaper.com/wallpaper/gif/20250902144953_115b90adf3c312ff2fffd413d53614dd.gif
206,하치와레,하치와레,혀 내밀기,하치와레/하치와레_혀_내밀기_0206.gif,206-4a6f7d5f97b0494cb5a8ec83b6836951 (1).gif,https://r2.chiikawawallpaper.com/wallpaper/gif/4a6f7d5f97b0494cb5a8ec83b6836951%20(1).gif
717,치이카와,치이카와,뒷이 푹신한 이불로 기어 들어가는,치이카와/치이카와_뒷이_푹신한_이불로_기어_들어가는_0717.gif,717-20250902145702_344b36d21c510c04c9b0554b8540cd51.gif,https://r2.chiikawawallpaper.com/wallpaper/gif/20250902145702_344b36d21c510c04c9b0554b8540cd51.gif
648,함께_등장,치이카와+하치와레,사이좋게 팬케이크를 먹는,함께_등장/치이카와-하치와레_사이좋게_팬케이크를_먹는_0648.gif,648-20250902145321_a36fa0c3737ec37d4af9ce5feb19a64d.gif,https://r2.chiikawawallpaper.com/wallpaper/gif/20250902145321_a36fa0c3737ec37d4af9ce5feb19a64d.gif
612,하치와레,하치와레,진지하게 팬케이크 먹기,하치와레/하치와레_진지하게_팬케이크_먹기_0612.gif,612-20250902145127_00067ea53d68d94a43403ad84aebb2f7.gif,https://r2.chiikawawallpaper.com/wallpaper/gif/20250902145127_00067ea53d68d94a43403ad84aebb2f7.gif
609,하치와레,하치와레,파란 토벌봉을 들고 미소 짓는 손가락 인형,하치와레/하치와레_파란_토벌봉을_들고_미소_짓는_손가락_인형_0609.gif,609-20250902145118_d7ec63aff17e3724e696372bddbfa81e.gif,https://r2.chiikawawallpaper.com/wallpaper/gif/20250902145118_d7ec63aff17e3724e696372bddbfa81e.gif
608,우사기,우사기,꼬리를 흔들며 볼을 붉히는,우사기/우사기_꼬리를_흔들며_볼을_붉히는_0608.gif,608-20250902145115_d1d00b92c04783108971949255001b3b.gif,https://r2.chiikawawallpaper.com/wallpaper/gif/20250902145115_d1d00b92c04783108971949255001b3b.gif
575,우사기,우사기,볼을 붉히며 가만히 서서 살짝 미소 짓는,우사기/우사기_볼을_붉히며_가만히_서서_살짝_미소_짓는_0575.gif,575-20250902144930_af069fa86866bae9902e5becf7013756.gif,https://r2.chiikawawallpaper.com/wallpaper/gif/20250902144930_af069fa86866bae9902e5becf7013756.gif
2098,시사,시사,기분 좋게 술 자격증 책을 들고 미소 짓는,시사/시사_기분_좋게_술_자격증_책을_들고_미소_짓는_2098.gif,2098-92503096deeebc6da515d3c9ac86d63f.gif,https://r2.chiikawawallpaper.com/wallpaper/20260923/92503096deeebc6da515d3c9ac86d63f.gif
677,치이카와,치이카와,분홍색 알람 시계를 소중하게 안고 웃는,치이카와/치이카와_분홍색_알람_시계를_소중하게_안고_웃는_0677.gif,677-20250902145450_81a870c19bafa90ad835d028d1376d92.gif,https://r2.chiikawawallpaper.com/wallpaper/gif/20250902145450_81a870c19bafa90ad835d028d1376d92.gif
2238,세이렌,세이렌,마이크를 잡고 즐겁게 노래 부르는 음표,세이렌/세이렌_마이크를_잡고_즐겁게_노래_부르는_음표_2238.gif,2238-3e0549f4060b3e7155ca3e9deeb45bf3.gif,https://r2.chiikawawallpaper.com/wallpaper/20260924/3e0549f4060b3e7155ca3e9deeb45bf3.gif
2097,시사,시사,책 들고 폴짝 뛰기,시사/시사_책_들고_폴짝_뛰기_2097.gif,2097-103027e8cebbee38ee2f3dc713d64d0c.gif,https://r2.chiikawawallpaper.com/wallpaper/20260923/103027e8cebbee38ee2f3dc713d64d0c.gif
700,하치와레,하치와레,파란 파우치를 꼭 쥐고 결의에 찬 표정을 짓는,하치와레/하치와레_파란_파우치를_꼭_쥐고_결의에_찬_표정을_짓는_0700.gif,700-20250902145604_0ba3e7f53a27ede5bb53730656e2adaf.gif,https://r2.chiikawawallpaper.com/wallpaper/gif/20250902145604_0ba3e7f53a27ede5bb53730656e2adaf.gif
624,치이카와,치이카와,식은땀을 흘리며 긴장한 얼굴로 어색하게 웃는,치이카와/치이카와_식은땀을_흘리며_긴장한_얼굴로_어색하게_웃는_0624.gif,624-20250902145203_810ff458a20e3e325ccae504172deb9d.gif,https://r2.chiikawawallpaper.com/wallpaper/gif/20250902145203_810ff458a20e3e325ccae504172deb9d.gif
2121,카니,카니,풀밭 위에서 볼을 붉히며 기분 좋게 움직이는,카니/카니_풀밭_위에서_볼을_붉히며_기분_좋게_움직이는_2121.gif,2121-e5954c0c8590baa1c9b68e12b5e00a14.gif,https://r2.chiikawawallpaper.com/wallpaper/20260923/e5954c0c8590baa1c9b68e12b5e00a14.gif
694,치이카와,치이카와,도토리를 들고 행복하게 미소 짓는,치이카와/치이카와_도토리를_들고_행복하게_미소_짓는_0694.gif,694-20250902145545_c3fc7580723414c32a98ad2edd9ecd54.gif,https://r2.chiikawawallpaper.com/wallpaper/gif/20250902145545_c3fc7580723414c32a98ad2edd9ecd54.gif
639,치이카와,치이카와,볼을 붉히고 식은땀을 흘리며 긴장한,치이카와/치이카와_볼을_붉히고_식은땀을_흘리며_긴장한_0639.gif,639-20250902145250_9d385f92a7e391c966c44bc1f8a53a82.gif,https://r2.chiikawawallpaper.com/wallpaper/gif/20250902145250_9d385f92a7e391c966c44bc1f8a53a82.gif
600,치이카와,치이카와,볼을 붉히며 사랑스럽게 미소 짓는,치이카와/치이카와_볼을_붉히며_사랑스럽게_미소_짓는_0600.gif,600-20250902145053_fd1f02983bf63af719ac359ef71bc07b.gif,https://r2.chiikawawallpaper.com/wallpaper/gif/20250902145053_fd1f02983bf63af719ac359ef71bc07b.gif
690,치이카와,치이카와,풀밭에서 볼을 붉히며 다정하게 미소 짓는,치이카와/치이카와_풀밭에서_볼을_붉히며_다정하게_미소_짓는_0690.gif,690-20250902145531_ced79549a177b50269c466feb7d710f1.gif,https://r2.chiikawawallpaper.com/wallpaper/gif/20250902145531_ced79549a177b50269c466feb7d710f1.gif
638,하치와레,하치와레,야외에서 열매 옆에 서서 사랑스럽게 미소 짓는,하치와레/하치와레_야외에서_열매_옆에_서서_사랑스럽게_미소_짓는_0638.gif,638-20250902145247_53d4214b3f8037259439d8b042b7072d.gif,https://r2.chiikawawallpaper.com/wallpaper/gif/20250902145247_53d4214b3f8037259439d8b042b7072d.gif
615,치이카와,치이카와,드넓은 잔디밭에 누워 먼 산을 바라보는 힐링,치이카와/치이카와_드넓은_잔디밭에_누워_먼_산을_바라보는_힐링_0615.gif,615-20250902145135_ba623c636925c1d453db5d935aa7ebce.gif,https://r2.chiikawawallpaper.com/wallpaper/gif/20250902145135_ba623c636925c1d453db5d935aa7ebce.gif
611,하치와레,하치와레,풀밭에 엎드려 돌아보기,하치와레/하치와레_풀밭에_엎드려_돌아보기_0611.gif,611-20250902145124_2f0d317ca27eb6b8473ac6d432e9190b.gif,https://r2.chiikawawallpaper.com/wallpaper/gif/20250902145124_2f0d317ca27eb6b8473ac6d432e9190b.gif
604,검은별,검은별,검은 별 가 미소 짓는,검은별/검은별_검은_별_가_미소_짓는_0604.gif,604-20250902145104_93656b84f2c1aad4536ba2a658bca3ef.gif,https://r2.chiikawawallpaper.com/wallpaper/gif/20250902145104_93656b84f2c1aad4536ba2a658bca3ef.gif
2093,시사,시사,노란 갑옷 입고 웃기,시사/시사_노란_갑옷_입고_웃기_2093.gif,2093-325b3ea86db7f4e44515e2ee5eff5b5f.gif,https://r2.chiikawawallpaper.com/wallpaper/20260923/325b3ea86db7f4e44515e2ee5eff5b5f.gif
585,치이카와,치이카와,작은 가방을 손에 들고 풀밭에서 바라보는,치이카와/치이카와_작은_가방을_손에_들고_풀밭에서_바라보는_0585.gif,585-20250902145002_a2d92ccc6527e543bb3e1a712f2bb1b7.gif,https://r2.chiikawawallpaper.com/wallpaper/gif/20250902145002_a2d92ccc6527e543bb3e1a712f2bb1b7.gif
2109,카니,카니,분홍 꽃게 머리띠를 하고 당당하게 서 있는,카니/카니_분홍_꽃게_머리띠를_하고_당당하게_서_있는_2109.gif,2109-0c9a1ab76b14f6d90608eb95c757eec2.gif,https://r2.chiikawawallpaper.com/wallpaper/20260923/0c9a1ab76b14f6d90608eb95c757eec2.gif
669,치이카와,치이카와,땀을 흘리며 긴장하는,치이카와/치이카와_땀을_흘리며_긴장하는_0669.gif,669-20250902145426_a5a080e6703d7f2c44dfc172682dcbbe.gif,https://r2.chiikawawallpaper.com/wallpaper/gif/20250902145426_a5a080e6703d7f2c44dfc172682dcbbe.gif
660,치이카와,치이카와,따뜻한 잔을 품에 안고 행복하게 웃는,치이카와/치이카와_따뜻한_잔을_품에_안고_행복하게_웃는_0660.gif,660-20250902145355_f5620e3bcbb7a5d5a27d01cc2722a950.gif,https://r2.chiikawawallpaper.com/wallpaper/gif/20250902145355_f5620e3bcbb7a5d5a27d01cc2722a950.gif
179,하치와레,하치와레,깡총깡총 뛰기,하치와레/하치와레_깡총깡총_뛰기_0179.gif,179-d706d236b4bd4be4b3b1f52d3505afc0 (1).gif,https://r2.chiikawawallpaper.com/wallpaper/gif/d706d236b4bd4be4b3b1f52d3505afc0%20(1).gif
707,함께_등장,치이카와+하치와레+우사기,친구들 사이에서 식탁 앞 긴장,함께_등장/치이카와-하치와레-우사기_친구들_사이에서_식탁_앞_긴장_0707.gif,707-20250902145629_747948c5065cc9318391d343444bc7d2.gif,https://r2.chiikawawallpaper.com/wallpaper/gif/20250902145629_747948c5065cc9318391d343444bc7d2.gif
623,검은별,검은별,핑크색 사스마타에 찔려 깜짝 놀란 몬스터의,검은별/검은별_핑크색_사스마타에_찔려_깜짝_놀란_몬스터의_0623.gif,623-20250902145200_c0d8167ea7e7fbe251ac1bdafb7b7995.gif,https://r2.chiikawawallpaper.com/wallpaper/gif/20250902145200_c0d8167ea7e7fbe251ac1bdafb7b7995.gif
583,치이카와,치이카와,분홍색 파자마를 입고 초롱초롱한 눈으로 바라보는,치이카와/치이카와_분홍색_파자마를_입고_초롱초롱한_눈으로_바라보는_0583.gif,583-20250902144956_c2aad95270682eecbf754e0dbcc663ea.gif,https://r2.chiikawawallpaper.com/wallpaper/gif/20250902144956_c2aad95270682eecbf754e0dbcc663ea.gif
2107,하치와레,하치와레,꽃게 머리띠 쓰고 웃기,하치와레/하치와레_꽃게_머리띠_쓰고_웃기_2107.gif,2107-0cfc23edc12a3b6b366534bcd5a87ee4.gif,https://r2.chiikawawallpaper.com/wallpaper/20260923/0cfc23edc12a3b6b366534bcd5a87ee4.gif
2105,카니,카니,책을 손에 들고 활짝 웃고 있는,카니/카니_책을_손에_들고_활짝_웃고_있는_2105.gif,2105-6b09047b6727029ff53e9a4412abda83.gif,https://r2.chiikawawallpaper.com/wallpaper/20260923/6b09047b6727029ff53e9a4412abda83.gif
2099,시사,시사,영양제 병을 두 손으로 쥐고 힘을 내는,시사/시사_영양제_병을_두_손으로_쥐고_힘을_내는_2099.gif,2099-fd5bcc4ca0cffbdcc751685fa6a5ad1a.gif,https://r2.chiikawawallpaper.com/wallpaper/20260923/fd5bcc4ca0cffbdcc751685fa6a5ad1a.gif
579,함께_등장,치이카와+하치와레,가방 메고 함께 걷기,함께_등장/치이카와-하치와레_가방_메고_함께_걷기_0579.gif,579-20250902144943_7532b011af630ad2d2b24c779963e987.gif,https://r2.chiikawawallpaper.com/wallpaper/gif/20250902144943_7532b011af630ad2d2b24c779963e987.gif
598,치이카와,치이카와,분홍색 곰 옷을 입고 눈웃음 짓는,치이카와/치이카와_분홍색_곰_옷을_입고_눈웃음_짓는_0598.gif,598-20250902145046_f28898f86cf7fb01d3c4250032381e78.gif,https://r2.chiikawawallpaper.com/wallpaper/gif/20250902145046_f28898f86cf7fb01d3c4250032381e78.gif
698,함께_등장,치이카와+하치와레,시계를 구경하는 장면,함께_등장/치이카와-하치와레_시계를_구경하는_장면_0698.gif,698-20250902145557_0945353c385f27a8ca0a0f70fd0a88f5.gif,https://r2.chiikawawallpaper.com/wallpaper/gif/20250902145557_0945353c385f27a8ca0a0f70fd0a88f5.gif
2239,세이렌,세이렌,핑크 하트를 꼭 안고 웃는,세이렌/세이렌_핑크_하트를_꼭_안고_웃는_2239.gif,2239-089f600cad73696656a90f8d1f21534f.gif,https://r2.chiikawawallpaper.com/wallpaper/20260924/089f600cad73696656a90f8d1f21534f.gif
2236,세이렌,세이렌,베개를 꼭 안고 별과 달 아래서 잠든,세이렌/세이렌_베개를_꼭_안고_별과_달_아래서_잠든_2236.gif,2236-e552cc31856347ef07a132666b885820.gif,https://r2.chiikawawallpaper.com/wallpaper/20260924/e552cc31856347ef07a132666b885820.gif
687,치이카와,치이카와,식은땀을 흘리며 초조하게 과자를 먹는,치이카와/치이카와_식은땀을_흘리며_초조하게_과자를_먹는_0687.gif,687-20250902145522_db016d168c4864d3f8a7f3ea4a11e5f0.gif,https://r2.chiikawawallpaper.com/wallpaper/gif/20250902145522_db016d168c4864d3f8a7f3ea4a11e5f0.gif
676,함께_등장,치이카와+하치와레,옆에 친구 두고 신나게 걷기,함께_등장/치이카와-하치와레_옆에_친구_두고_신나게_걷기_0676.gif,676-20250902145447_15cc3236a07a0e6dd1bedf1b2a5ca234.gif,https://r2.chiikawawallpaper.com/wallpaper/gif/20250902145447_15cc3236a07a0e6dd1bedf1b2a5ca234.gif
584,치이카와,치이카와,작은 버섯을 들고 긴장해서 땀을 흘리며 부끄러워하는,치이카와/치이카와_작은_버섯을_들고_긴장해서_땀을_흘리며_부끄러워하는_0584.gif,584-20250902144959_e767ddde206c35bb367bd35aa5342bb7.gif,https://r2.chiikawawallpaper.com/wallpaper/gif/20250902144959_e767ddde206c35bb367bd35aa5342bb7.gif
2231,세이렌,세이렌,화가 나서 주먹을 쥐고 소리치는,세이렌/세이렌_화가_나서_주먹을_쥐고_소리치는_2231.gif,2231-a25384002b6ae83411233bbd437f366a.gif,https://r2.chiikawawallpaper.com/wallpaper/20260924/a25384002b6ae83411233bbd437f366a.gif
2103,쿠리만쥬,쿠리만쥬,주전자로 찻잔에 따뜻한 차를 따르는,쿠리만쥬/쿠리만쥬_주전자로_찻잔에_따뜻한_차를_따르는_2103.gif,2103-326fbb3caae115d604798b43a25c5e2e.gif,https://r2.chiikawawallpaper.com/wallpaper/20260923/326fbb3caae115d604798b43a25c5e2e.gif
674,함께_등장,치이카와+우사기,노란 파자마 모자를 쓰고 신나게 고개를 흔드는,함께_등장/치이카와-우사기_노란_파자마_모자를_쓰고_신나게_고개를_흔드는_0674.gif,674-20250902145441_31142e4a637e3270c1d40472d3ea8b7f.gif,https://r2.chiikawawallpaper.com/wallpaper/gif/20250902145441_31142e4a637e3270c1d40472d3ea8b7f.gif
596,하치와레,하치와레,도토리를 손에 쥐고 잔디밭에 누워 미소 짓는,하치와레/하치와레_도토리를_손에_쥐고_잔디밭에_누워_미소_짓는_0596.gif,596-20250902145040_422ec1d7a1b767fa9df179cfee5303e5.gif,https://r2.chiikawawallpaper.com/wallpaper/gif/20250902145040_422ec1d7a1b767fa9df179cfee5303e5.gif
576,하치와레,하치와레,반짝이는 눈으로 밤을 들고 기뻐하는,하치와레/하치와레_반짝이는_눈으로_밤을_들고_기뻐하는_0576.gif,576-20250902144933_ee724bad623a83bc320181ad88d87d90.gif,https://r2.chiikawawallpaper.com/wallpaper/gif/20250902144933_ee724bad623a83bc320181ad88d87d90.gif
2117,하치와레,하치와레,꽃게 머리띠 쓰고 뒤돌아보기,하치와레/하치와레_꽃게_머리띠_쓰고_뒤돌아보기_2117.gif,2117-4f664a0dcf1f11a86341681b3040b5b2.gif,https://r2.chiikawawallpaper.com/wallpaper/20260923/4f664a0dcf1f11a86341681b3040b5b2.gif
655,치이카와,치이카와,햇볕에 타서 분홍색이 된 뒷,치이카와/치이카와_햇볕에_타서_분홍색이_된_뒷_0655.gif,655-20250902145341_5b19ce6c54f8e284f04ba2278f8a57de.gif,https://r2.chiikawawallpaper.com/wallpaper/gif/20250902145341_5b19ce6c54f8e284f04ba2278f8a57de.gif
637,치이카와,치이카와,핑크색 토벌봉을 들고 신나게 달려가는,치이카와/치이카와_핑크색_토벌봉을_들고_신나게_달려가는_0637.gif,637-20250902145244_73cc0b56d56230fb49dee52a69d49faf.gif,https://r2.chiikawawallpaper.com/wallpaper/gif/20250902145244_73cc0b56d56230fb49dee52a69d49faf.gif
2240,세이렌,세이렌,환하게 웃으며 마라카스를 흔드는,세이렌/세이렌_환하게_웃으며_마라카스를_흔드는_2240.gif,2240-1ece3b161ac276cacd09b7653027d749.gif,https://r2.chiikawawallpaper.com/wallpaper/20260924/1ece3b161ac276cacd09b7653027d749.gif
651,치이카와,치이카와,뒤돌아보며 볼을 붉히고 미소 짓는,치이카와/치이카와_뒤돌아보며_볼을_붉히고_미소_짓는_0651.gif,651-20250902145328_8fbf9a3c19dc89a2e3e3049e4c9fc9cc.gif,https://r2.chiikawawallpaper.com/wallpaper/gif/20250902145328_8fbf9a3c19dc89a2e3e3049e4c9fc9cc.gif
593,함께_등장,치이카와+하치와레,카메라 앞에서 하치와레 포즈,함께_등장/치이카와-하치와레_카메라_앞에서_하치와레_포즈_0593.gif,593-20250902145030_835bbc688be339a8e1486d9947b3e46c.gif,https://r2.chiikawawallpaper.com/wallpaper/gif/20250902145030_835bbc688be339a8e1486d9947b3e46c.gif
2232,세이렌,세이렌,두 손을 흔들며 밝게 미소 짓는,세이렌/세이렌_두_손을_흔들며_밝게_미소_짓는_2232.gif,2232-24c01097cf8ba9a49c71f2a2c778ba65.gif,https://r2.chiikawawallpaper.com/wallpaper/20260924/24c01097cf8ba9a49c71f2a2c778ba65.gif
634,치이카와,치이카와,자신감 넘치는 표정으로 뒤돌아보는,치이카와/치이카와_자신감_넘치는_표정으로_뒤돌아보는_0634.gif,634-20250902145235_c22a4a0981ab51b9320c72291efe571a.gif,https://r2.chiikawawallpaper.com/wallpaper/gif/20250902145235_c22a4a0981ab51b9320c72291efe571a.gif
607,치이카와,치이카와,잔디밭 통나무 나이테 위에 서 있는,치이카와/치이카와_잔디밭_통나무_나이테_위에_서_있는_0607.gif,607-20250902145113_330f393b01c50d5a67254bd3e1990e22.gif,https://r2.chiikawawallpaper.com/wallpaper/gif/20250902145113_330f393b01c50d5a67254bd3e1990e22.gif
594,치이카와,치이카와,땀을 흘리며 부끄러워하고 긴장한,치이카와/치이카와_땀을_흘리며_부끄러워하고_긴장한_0594.gif,594-20250902145033_d71277771f43078ef3e4d13a2540a98c.gif,https://r2.chiikawawallpaper.com/wallpaper/gif/20250902145033_d71277771f43078ef3e4d13a2540a98c.gif
592,하치와레,하치와레,풀밭에서 볼을 붉히며 뒤돌아보는 뒷,하치와레/하치와레_풀밭에서_볼을_붉히며_뒤돌아보는_뒷_0592.gif,592-20250902145026_42ca144a63ccb7b9c4ed432f6d3ca636.gif,https://r2.chiikawawallpaper.com/wallpaper/gif/20250902145026_42ca144a63ccb7b9c4ed432f6d3ca636.gif
573,치이카와,치이카와,식탁 위 음식을 땀 흘리며 긴장한 표정으로 보는,치이카와/치이카와_식탁_위_음식을_땀_흘리며_긴장한_표정으로_보는_0573.gif,573-20250902144924_e20db7add51dbc39fa803e2ae52bd189.gif,https://r2.chiikawawallpaper.com/wallpaper/gif/20250902144924_e20db7add51dbc39fa803e2ae52bd189.gif
570,치이카와,치이카와,핑크색 곰돌이 잠옷을 입고 앙증맞은 뒤태를 보여주는,치이카와/치이카와_핑크색_곰돌이_잠옷을_입고_앙증맞은_뒤태를_보여주는_0570.gif,570-20250902144914_3cce89d486a94f82aed0ddc2b7750ecf.gif,https://r2.chiikawawallpaper.com/wallpaper/gif/20250902144914_3cce89d486a94f82aed0ddc2b7750ecf.gif
2106,카니,카니,책 가판대 앞에서 수줍게 두 손을 모으고 미소 짓는,카니/카니_책_가판대_앞에서_수줍게_두_손을_모으고_미소_짓는_2106.gif,2106-9d7a8c4bbaa4b5e56d4f85a7b62b6cca.gif,https://r2.chiikawawallpaper.com/wallpaper/20260923/9d7a8c4bbaa4b5e56d4f85a7b62b6cca.gif
2104,시사,시사,야외에서 작은 병을 들고 의욕 넘치는 표정을 짓는,시사/시사_야외에서_작은_병을_들고_의욕_넘치는_표정을_짓는_2104.gif,2104-6494a9b5c5ddc4a51c359bd690d04732.gif,https://r2.chiikawawallpaper.com/wallpaper/20260923/6494a9b5c5ddc4a51c359bd690d04732.gif
685,하치와레,하치와레,뒤돌아 꼬리 흔들기,하치와레/하치와레_뒤돌아_꼬리_흔들기_0685.gif,685-20250902145516_18bfdd52a7e6e24c039917f4313f2e61.gif,https://r2.chiikawawallpaper.com/wallpaper/gif/20250902145516_18bfdd52a7e6e24c039917f4313f2e61.gif
629,치이카와,치이카와,풀밭에서 부끄러운 듯 미소 짓는,치이카와/치이카와_풀밭에서_부끄러운_듯_미소_짓는_0629.gif,629-20250902145218_bd8fa3b8c27a162d403a8917e98430fe.gif,https://r2.chiikawawallpaper.com/wallpaper/gif/20250902145218_bd8fa3b8c27a162d403a8917e98430fe.gif
626,기타,기타,꽃 캐릭터가 주먹 쥐고 응원,기타/기타_꽃_캐릭터가_주먹_쥐고_응원_0626.gif,626-20250902145209_009ae8b7bb13cbae06a8096e56a23986.gif,https://r2.chiikawawallpaper.com/wallpaper/gif/20250902145209_009ae8b7bb13cbae06a8096e56a23986.gif
605,치이카와,치이카와,땀을 흘리며 긴장한 채 물을 마시는,치이카와/치이카와_땀을_흘리며_긴장한_채_물을_마시는_0605.gif,605-20250902145107_ab9d1c1ec58471197097fb6f0bd31d77.gif,https://r2.chiikawawallpaper.com/wallpaper/gif/20250902145107_ab9d1c1ec58471197097fb6f0bd31d77.gif
603,함께_등장,우사기+하치와레,탁자에 엎드린 우사기와 하치와레,함께_등장/우사기-하치와레_탁자에_엎드린_우사기와_하치와레_0603.gif,603-20250902145101_1f4211460cf350c099d953972542398a.gif,https://r2.chiikawawallpaper.com/wallpaper/gif/20250902145101_1f4211460cf350c099d953972542398a.gif
602,치이카와,치이카와,눈물이 그렁그렁한 채 올려다보는,치이카와/치이카와_눈물이_그렁그렁한_채_올려다보는_0602.gif,602-20250902145058_2e8ab20708a673b6a693630a35b87616.gif,https://r2.chiikawawallpaper.com/wallpaper/gif/20250902145058_2e8ab20708a673b6a693630a35b87616.gif
662,함께_등장,치이카와+우사기,꼬리를 흔들며 엉덩이를 뽐내는,함께_등장/치이카와-우사기_꼬리를_흔들며_엉덩이를_뽐내는_0662.gif,662-20250902145401_0b5d24e27111c7956c9be6ed8d3ec968.gif,https://r2.chiikawawallpaper.com/wallpaper/gif/20250902145401_0b5d24e27111c7956c9be6ed8d3ec968.gif
2114,카니,카니,긴장해서 땀을 삐질 흘리며 곁눈질하는 표정,카니/카니_긴장해서_땀을_삐질_흘리며_곁눈질하는_표정_2114.gif,2114-b1c7af93eb130b23db966c272003643a.gif,https://r2.chiikawawallpaper.com/wallpaper/20260923/b1c7af93eb130b23db966c272003643a.gif
574,치이카와,치이카와,긴장한 표정으로 빵을 먹고 있는 먹방,치이카와/치이카와_긴장한_표정으로_빵을_먹고_있는_먹방_0574.gif,574-20250902144927_984e4f1350f15860f4c3dd84f086a5a6.gif,https://r2.chiikawawallpaper.com/wallpaper/gif/20250902144927_984e4f1350f15860f4c3dd84f086a5a6.gif
2242,세이렌,세이렌,카레라이스를 맛있게 먹는,세이렌/세이렌_카레라이스를_맛있게_먹는_2242.gif,2242-3b261aeb046110fb8b120a7086a614ad.gif,https://r2.chiikawawallpaper.com/wallpaper/20260924/3b261aeb046110fb8b120a7086a614ad.gif
654,치이카와,치이카와,푸른 하늘 아래서 볼을 붉히며 고개를 내미는,치이카와/치이카와_푸른_하늘_아래서_볼을_붉히며_고개를_내미는_0654.gif,654-20250902145337_065fabecce951820e5815add58f1eb44.gif,https://r2.chiikawawallpaper.com/wallpaper/gif/20250902145337_065fabecce951820e5815add58f1eb44.gif
653,치이카와,치이카와,분홍색 잠옷을 입고 활짝 웃고 있는,치이카와/치이카와_분홍색_잠옷을_입고_활짝_웃고_있는_0653.gif,653-20250902145334_c69ff42a6970b061da3696c1a15721e2.gif,https://r2.chiikawawallpaper.com/wallpaper/gif/20250902145334_c69ff42a6970b061da3696c1a15721e2.gif
572,함께_등장,우사기+하치와레,등을 보이고 엉덩이를 흔드는,함께_등장/우사기-하치와레_등을_보이고_엉덩이를_흔드는_0572.gif,572-20250902144921_ce8f81a772caad15e0d9d20a7ee9f462.gif,https://r2.chiikawawallpaper.com/wallpaper/gif/20250902144921_ce8f81a772caad15e0d9d20a7ee9f462.gif
678,하치와레,하치와레,가방을 메고 볼을 붉히며 뒤돌아보는,하치와레/하치와레_가방을_메고_볼을_붉히며_뒤돌아보는_0678.gif,678-20250902145453_513a2124aa92f6415e3ba34a18a3580f.gif,https://r2.chiikawawallpaper.com/wallpaper/gif/20250902145453_513a2124aa92f6415e3ba34a18a3580f.gif
641,하치와레,하치와레,가방을 메고 살짝 뒤돌아보는,하치와레/하치와레_가방을_메고_살짝_뒤돌아보는_0641.gif,641-20250902145256_3c89b9383df947b5b2b8ca475f4d7e32.gif,https://r2.chiikawawallpaper.com/wallpaper/gif/20250902145256_3c89b9383df947b5b2b8ca475f4d7e32.gif
622,하치와레,하치와레,간식을 들고 뒤돌아보는,하치와레/하치와레_간식을_들고_뒤돌아보는_0622.gif,622-20250902145157_569b98f2efd70bf99ed68b1c1dc75efc.gif,https://r2.chiikawawallpaper.com/wallpaper/gif/20250902145157_569b98f2efd70bf99ed68b1c1dc75efc.gif
621,하치와레,하치와레,간식을 손에 꼭 쥐고 신나게 달려가는,하치와레/하치와레_간식을_손에_꼭_쥐고_신나게_달려가는_0621.gif,621-20250902145155_4db223071f4e079e20187ecfa1042e2c.gif,https://r2.chiikawawallpaper.com/wallpaper/gif/20250902145155_4db223071f4e079e20187ecfa1042e2c.gif
2120,카니,카니,눈을 감고 미소 지으며 볼을 붉히는,카니/카니_눈을_감고_미소_지으며_볼을_붉히는_2120.gif,2120-3a534d2d1f5bf19c79dbf3f586e9d5af.gif,https://r2.chiikawawallpaper.com/wallpaper/20260923/3a534d2d1f5bf19c79dbf3f586e9d5af.gif
581,치이카와,치이카와,풀밭에서 동그란 뒤태를 보이며 몸을 흔드는,치이카와/치이카와_풀밭에서_동그란_뒤태를_보이며_몸을_흔드는_0581.gif,581-20250902144949_4fad4e202b4c0fbde7d68011d1d10db6.gif,https://r2.chiikawawallpaper.com/wallpaper/gif/20250902144949_4fad4e202b4c0fbde7d68011d1d10db6.gif
2235,세이렌,세이렌,빗속에서 파란 우산을 들고 미소 짓는,세이렌/세이렌_빗속에서_파란_우산을_들고_미소_짓는_2235.gif,2235-796bef88b014347dde39909e7ba66768.gif,https://r2.chiikawawallpaper.com/wallpaper/20260924/796bef88b014347dde39909e7ba66768.gif
2233,세이렌,세이렌,물뿌리개로 화분의 꽃에 물을 주는,세이렌/세이렌_물뿌리개로_화분의_꽃에_물을_주는_2233.gif,2233-c75c31db3e91784b0a033d49082ebc81.gif,https://r2.chiikawawallpaper.com/wallpaper/20260924/c75c31db3e91784b0a033d49082ebc81.gif
2111,카니,카니,게 머리띠를 착용하고 수줍게 볼을 붉히는,카니/카니_게_머리띠를_착용하고_수줍게_볼을_붉히는_2111.gif,2111-bc61b96de1998009c388a385dfa3ad79.gif,https://r2.chiikawawallpaper.com/wallpaper/20260923/bc61b96de1998009c388a385dfa3ad79.gif
2094,치이카와,치이카와,바위 위에 동그랗게 웅크리고 누워있는 뒷,치이카와/치이카와_바위_위에_동그랗게_웅크리고_누워있는_뒷_2094.gif,2094-8845e8da22e87331defa7d114db7e301.gif,https://r2.chiikawawallpaper.com/wallpaper/20260923/8845e8da22e87331defa7d114db7e301.gif
2382,아노코,아노코,뿔을 달고 당당하게 서 있는,아노코/아노코_뿔을_달고_당당하게_서_있는_2382.gif,2382-4da368b8970ac0375ed83e9c59a403f1.gif,https://r2.chiikawawallpaper.com/wallpaper/20261006/4da368b8970ac0375ed83e9c59a403f1.gif
2237,세이렌,세이렌,수영튜브를 타고 비치볼 놀이를 즐기는,세이렌/세이렌_수영튜브를_타고_비치볼_놀이를_즐기는_2237.gif,2237-cf088e323922b55ed0128e471ec0f0ed.gif,https://r2.chiikawawallpaper.com/wallpaper/20260924/cf088e323922b55ed0128e471ec0f0ed.gif
2234,세이렌,세이렌,요리사 모자를 쓰고 빨간 냄비에 스튜를 끓이는,세이렌/세이렌_요리사_모자를_쓰고_빨간_냄비에_스튜를_끓이는_2234.gif,2234-0971ba1184a543cab6c10fb634663eb3.gif,https://r2.chiikawawallpaper.com/wallpaper/20260924/0971ba1184a543cab6c10fb634663eb3.gif
2119,하치와레,하치와레,꽃게 머리띠 쓰고 미소,하치와레/하치와레_꽃게_머리띠_쓰고_미소_2119.gif,2119-8e3f14539c52f8cbc4baf38e6ef0a66a.gif,https://r2.chiikawawallpaper.com/wallpaper/20260923/8e3f14539c52f8cbc4baf38e6ef0a66a.gif
2241,세이렌,세이렌,인어 가 반짝이는 선물 상자를 열며 기뻐하는,세이렌/세이렌_인어_가_반짝이는_선물_상자를_열며_기뻐하는_2241.gif,2241-ecffca36ba659611f658bc371cf672d3.gif,https://r2.chiikawawallpaper.com/wallpaper/20260924/ecffca36ba659611f658bc371cf672d3.gif
2380,아노코,아노코,혀를 내밀고 볼을 붉히는,아노코/아노코_혀를_내밀고_볼을_붉히는_2380.gif,2380-f8d7004ad505d224c7c4f1b6a0d98295.gif,https://r2.chiikawawallpaper.com/wallpaper/20261006/f8d7004ad505d224c7c4f1b6a0d98295.gif
2113,카니,카니,꽃게 머리띠 쓰고 뒤돌아보기,카니/카니_꽃게_머리띠_쓰고_뒤돌아보기_2113.gif,2113-ed47043655d51bd6c78e1157227cdd97.gif,https://r2.chiikawawallpaper.com/wallpaper/20260923/ed47043655d51bd6c78e1157227cdd97.gif
571,치이카와,치이카와,핑크 가 아래에서 머리를 쏙 내미는 깜찍한,치이카와/치이카와_핑크_가_아래에서_머리를_쏙_내미는_깜찍한_0571.gif,571-20250902144917_5247083afb05fd84d4296e5db732162a.gif,https://r2.chiikawawallpaper.com/wallpaper/gif/20250902144917_5247083afb05fd84d4296e5db732162a.gif
2379,아노코,아노코,양손으로 쿠키를 맛있게 먹고 있는,아노코/아노코_양손으로_쿠키를_맛있게_먹고_있는_2379.gif,2379-e4c07fd65edec8313fb51ee60d0dba74.gif,https://r2.chiikawawallpaper.com/wallpaper/20261006/e4c07fd65edec8313fb51ee60d0dba74.gif
2378,아노코,아노코,손으로 입을 가리고 수줍게 미소 짓는,아노코/아노코_손으로_입을_가리고_수줍게_미소_짓는_2378.gif,2378-7c3f0b110496d5d161d2adf0f18cdf98.gif,https://r2.chiikawawallpaper.com/wallpaper/20261006/7c3f0b110496d5d161d2adf0f18cdf98.gif
2381,아노코,아노코,어지러운 눈으로 볼을 붉히며 서 있는,아노코/아노코_어지러운_눈으로_볼을_붉히며_서_있는_2381.gif,2381-80d3362054286e4698c3ab74b5ee90e4.gif,https://r2.chiikawawallpaper.com/wallpaper/20261006/80d3362054286e4698c3ab74b5ee90e4.gif
